uniquename,/consumableitem/craftingrequirements/@amountcrafted,/consumableitem/craftingrequirements/craftresource/@count,/consumableitem/craftingrequirements/craftresource/@uniquename
T1_FISH_FRESHWATER_ALL_COMMON,,,
T2_FISH_FRESHWATER_ALL_COMMON,,,
T3_FISH_FRESHWATER_ALL_COMMON,,,
T4_FISH_FRESHWATER_ALL_COMMON,,,
T5_FISH_FRESHWATER_ALL_COMMON,,,
T6_FISH_FRESHWATER_ALL_COMMON,,,
T7_FISH_FRESHWATER_ALL_COMMON,,,
T8_FISH_FRESHWATER_ALL_COMMON,,,
T1_FISH_SALTWATER_ALL_COMMON,,,
T2_FISH_SALTWATER_ALL_COMMON,,,
T3_FISH_SALTWATER_ALL_COMMON,,,
T4_FISH_SALTWATER_ALL_COMMON,,,
T5_FISH_SALTWATER_ALL_COMMON,,,
T6_FISH_SALTWATER_ALL_COMMON,,,
T7_FISH_SALTWATER_ALL_COMMON,,,
T8_FISH_SALTWATER_ALL_COMMON,,,
T3_FISH_FRESHWATER_FOREST_RARE,,,
T5_FISH_FRESHWATER_FOREST_RARE,,,
T7_FISH_FRESHWATER_FOREST_RARE,,,
T3_FISH_FRESHWATER_MOUNTAIN_RARE,,,
T5_FISH_FRESHWATER_MOUNTAIN_RARE,,,
T7_FISH_FRESHWATER_MOUNTAIN_RARE,,,
T3_FISH_FRESHWATER_HIGHLANDS_RARE,,,
T5_FISH_FRESHWATER_HIGHLANDS_RARE,,,
T7_FISH_FRESHWATER_HIGHLANDS_RARE,,,
T3_FISH_FRESHWATER_STEPPE_RARE,,,
T5_FISH_FRESHWATER_STEPPE_RARE,,,
T7_FISH_FRESHWATER_STEPPE_RARE,,,
T3_FISH_FRESHWATER_SWAMP_RARE,,,
T5_FISH_FRESHWATER_SWAMP_RARE,,,
T7_FISH_FRESHWATER_SWAMP_RARE,,,
T3_FISH_SALTWATER_ALL_RARE,,,
T5_FISH_SALTWATER_ALL_RARE,,,
T7_FISH_SALTWATER_ALL_RARE,,,
T2_POTION_HEAL,5,8,T2_AGARIC
T4_POTION_HEAL,5,24,T4_BURDOCK
T4_POTION_HEAL,5,6,T3_EGG
T4_POTION_HEAL,,,
T6_POTION_HEAL,5,72,T6_FOXGLOVE
T6_POTION_HEAL,5,18,T5_EGG
T6_POTION_HEAL,5,18,T6_ALCOHOL
T6_POTION_HEAL,,,
T2_POTION_ENERGY,5,8,T2_AGARIC
T4_POTION_ENERGY,5,24,T4_BURDOCK
T4_POTION_ENERGY,5,6,T4_MILK
T4_POTION_ENERGY,,,
T6_POTION_ENERGY,5,72,T6_FOXGLOVE
T6_POTION_ENERGY,5,18,T6_MILK
T6_POTION_ENERGY,5,18,T6_ALCOHOL
T6_POTION_ENERGY,,,
T3_POTION_REVIVE,5,8,T3_COMFREY
T5_POTION_REVIVE,5,24,T5_TEASEL
T5_POTION_REVIVE,5,12,T4_BURDOCK
T5_POTION_REVIVE,5,6,T5_EGG
T5_POTION_REVIVE,,,
T7_POTION_REVIVE,5,71,T7_MULLEIN
T7_POTION_REVIVE,5,36,T6_FOXGLOVE
T7_POTION_REVIVE,5,18,T5_EGG
T7_POTION_REVIVE,5,18,T7_ALCOHOL
T7_POTION_REVIVE,,,
T3_POTION_STONESKIN,5,8,T3_COMFREY
T5_POTION_STONESKIN,5,24,T5_TEASEL
T5_POTION_STONESKIN,5,12,T4_BURDOCK
T5_POTION_STONESKIN,5,6,T4_MILK
T5_POTION_STONESKIN,,,
T7_POTION_STONESKIN,5,72,T7_MULLEIN
T7_POTION_STONESKIN,5,36,T6_FOXGLOVE
T7_POTION_STONESKIN,5,36,T4_BURDOCK
T7_POTION_STONESKIN,5,18,T6_MILK
T7_POTION_STONESKIN,5,18,T7_ALCOHOL
T7_POTION_STONESKIN,,,
T3_POTION_SLOWFIELD,5,8,T3_COMFREY
T5_POTION_SLOWFIELD,5,24,T5_TEASEL
T5_POTION_SLOWFIELD,5,12,T4_BURDOCK
T5_POTION_SLOWFIELD,5,6,T5_EGG
T5_POTION_SLOWFIELD,,,
T7_POTION_SLOWFIELD,5,72,T7_MULLEIN
T7_POTION_SLOWFIELD,5,36,T6_FOXGLOVE
T7_POTION_SLOWFIELD,5,36,T4_BURDOCK
T7_POTION_SLOWFIELD,5,18,T5_EGG
T7_POTION_SLOWFIELD,5,18,T7_ALCOHOL
T7_POTION_SLOWFIELD,,,
T4_POTION_COOLDOWN,5,8,T4_BURDOCK
T4_POTION_COOLDOWN,5,4,T3_COMFREY
T4_POTION_COOLDOWN,,,
T6_POTION_COOLDOWN,5,24,T6_FOXGLOVE
T6_POTION_COOLDOWN,5,12,T5_TEASEL
T6_POTION_COOLDOWN,5,12,T3_COMFREY
T6_POTION_COOLDOWN,5,6,T6_MILK
T6_POTION_COOLDOWN,,,
T8_POTION_COOLDOWN,5,72,T8_YARROW
T8_POTION_COOLDOWN,5,24,T7_MULLEIN
T8_POTION_COOLDOWN,5,24,T5_TEASEL
T8_POTION_COOLDOWN,5,18,T8_MILK
T8_POTION_COOLDOWN,5,18,T8_ALCOHOL
T8_POTION_COOLDOWN,,,
T8_POTION_CLEANSE,5,72,T8_YARROW
T8_POTION_CLEANSE,5,36,T7_MULLEIN
T8_POTION_CLEANSE,5,36,T5_TEASEL
T8_POTION_CLEANSE,5,18,T8_MILK
T8_POTION_CLEANSE,5,18,T8_ALCOHOL
T8_POTION_CLEANSE,,,
T1_FISHINGBAIT,1,1,T1_WORM
T3_FISHINGBAIT,1,5,T1_WORM
T5_FISHINGBAIT,1,25,T1_WORM
T1_MEAL_GRILLEDFISH,1,10,T1_FISHCHOPS
T1_MEAL_SEAWEEDSALAD,1,10,T1_SEAWEED
T1_MEAL_SOUP,10,16,T1_CARROT
T1_MEAL_SOUP,,,
T3_MEAL_SOUP,10,48,T3_WHEAT
T3_MEAL_SOUP,,,
T5_MEAL_SOUP,10,144,T5_CABBAGE
T5_MEAL_SOUP,,,
T1_MEAL_SOUP_FISH,1,1,T3_FISH_FRESHWATER_SWAMP_RARE
T1_MEAL_SOUP_FISH,1,2,T1_CARROT
T1_MEAL_SOUP_FISH,,,
T3_MEAL_SOUP_FISH,1,1,T5_FISH_FRESHWATER_SWAMP_RARE
T3_MEAL_SOUP_FISH,1,2,T3_WHEAT
T3_MEAL_SOUP_FISH,1,2,T3_COMFREY
T3_MEAL_SOUP_FISH,1,2,T3_MEAT
T3_MEAL_SOUP_FISH,,,
T5_MEAL_SOUP_FISH,1,1,T7_FISH_FRESHWATER_SWAMP_RARE
T5_MEAL_SOUP_FISH,1,6,T5_CABBAGE
T5_MEAL_SOUP_FISH,1,6,T5_TEASEL
T5_MEAL_SOUP_FISH,1,6,T5_MEAT
T5_MEAL_SOUP_FISH,,,
T2_MEAL_SALAD,10,8,T2_BEAN
T2_MEAL_SALAD,10,8,T1_CARROT
T2_MEAL_SALAD,,,
T4_MEAL_SALAD,10,24,T4_TURNIP
T4_MEAL_SALAD,10,24,T3_WHEAT
T4_MEAL_SALAD,,,
T6_MEAL_SALAD,10,72,T6_POTATO
T6_MEAL_SALAD,10,72,T5_CABBAGE
T6_MEAL_SALAD,,,
T2_MEAL_SALAD_FISH,1,1,T3_FISH_SALTWATER_ALL_RARE
T2_MEAL_SALAD_FISH,1,1,T2_BEAN
T2_MEAL_SALAD_FISH,1,1,T2_AGARIC
T2_MEAL_SALAD_FISH,,,
T4_MEAL_SALAD_FISH,1,1,T5_FISH_SALTWATER_ALL_RARE
T4_MEAL_SALAD_FISH,1,2,T4_TURNIP
T4_MEAL_SALAD_FISH,1,2,T4_BURDOCK
T4_MEAL_SALAD_FISH,1,2,T4_MEAT
T4_MEAL_SALAD_FISH,,,
T6_MEAL_SALAD_FISH,1,1,T7_FISH_SALTWATER_ALL_RARE
T6_MEAL_SALAD_FISH,1,6,T6_POTATO
T6_MEAL_SALAD_FISH,1,6,T6_FOXGLOVE
T6_MEAL_SALAD_FISH,1,6,T6_MEAT
T6_MEAL_SALAD_FISH,,,
T3_MEAL_PIE,10,2,T3_WHEAT
T3_MEAL_PIE,10,4,T3_FLOUR
T3_MEAL_PIE,10,8,T3_MEAT
T3_MEAL_PIE,,,
T5_MEAL_PIE,10,6,T5_CABBAGE
T5_MEAL_PIE,10,12,T3_FLOUR
T5_MEAL_PIE,10,24,T5_MEAT
T5_MEAL_PIE,10,6,T4_MILK
T5_MEAL_PIE,,,
T7_MEAL_PIE,10,18,T7_CORN
T7_MEAL_PIE,10,36,T3_FLOUR
T7_MEAL_PIE,10,72,T7_MEAT
T7_MEAL_PIE,10,18,T6_MILK
T7_MEAL_PIE,,,
T3_MEAL_PIE_FISH,1,1,T3_FISH_FRESHWATER_MOUNTAIN_RARE
T3_MEAL_PIE_FISH,1,1,T3_FLOUR
T3_MEAL_PIE_FISH,1,1,T3_EGG
T3_MEAL_PIE_FISH,,,
T5_MEAL_PIE_FISH,1,1,T5_FISH_FRESHWATER_MOUNTAIN_RARE
T5_MEAL_PIE_FISH,1,2,T5_CABBAGE
T5_MEAL_PIE_FISH,1,2,T5_TEASEL
T5_MEAL_PIE_FISH,1,2,T5_EGG
T5_MEAL_PIE_FISH,,,
T7_MEAL_PIE_FISH,1,1,T7_FISH_FRESHWATER_MOUNTAIN_RARE
T7_MEAL_PIE_FISH,1,6,T7_CORN
T7_MEAL_PIE_FISH,1,6,T7_MULLEIN
T7_MEAL_PIE_FISH,1,6,T7_MEAT
T7_MEAL_PIE_FISH,,,
T3_MEAL_OMELETTE,10,4,T3_WHEAT
T3_MEAL_OMELETTE,10,8,T3_MEAT
T3_MEAL_OMELETTE,10,2,T3_EGG
T3_MEAL_OMELETTE,,,
T5_MEAL_OMELETTE,10,12,T5_CABBAGE
T5_MEAL_OMELETTE,10,24,T5_MEAT
T5_MEAL_OMELETTE,10,6,T5_EGG
T5_MEAL_OMELETTE,,,
T7_MEAL_OMELETTE,10,36,T7_CORN
T7_MEAL_OMELETTE,10,72,T7_MEAT
T7_MEAL_OMELETTE,10,18,T5_EGG
T7_MEAL_OMELETTE,,,
T3_MEAL_OMELETTE_FISH,1,1,T3_FISH_FRESHWATER_STEPPE_RARE
T3_MEAL_OMELETTE_FISH,1,1,T3_COMFREY
T3_MEAL_OMELETTE_FISH,1,1,T3_EGG
T3_MEAL_OMELETTE_FISH,,,
T5_MEAL_OMELETTE_FISH,1,1,T5_FISH_FRESHWATER_STEPPE_RARE
T5_MEAL_OMELETTE_FISH,1,2,T5_CABBAGE
T5_MEAL_OMELETTE_FISH,1,2,T5_TEASEL
T5_MEAL_OMELETTE_FISH,1,2,T5_EGG
T5_MEAL_OMELETTE_FISH,,,
T7_MEAL_OMELETTE_FISH,1,1,T7_FISH_FRESHWATER_STEPPE_RARE
T7_MEAL_OMELETTE_FISH,1,6,T7_CORN
T7_MEAL_OMELETTE_FISH,1,6,T7_MULLEIN
T7_MEAL_OMELETTE_FISH,1,6,T7_MEAT
T7_MEAL_OMELETTE_FISH,,,
T4_MEAL_STEW,10,4,T4_TURNIP
T4_MEAL_STEW,10,4,T4_BREAD
T4_MEAL_STEW,10,8,T4_MEAT
T4_MEAL_STEW,,,
T6_MEAL_STEW,10,12,T6_POTATO
T6_MEAL_STEW,10,12,T4_BREAD
T6_MEAL_STEW,10,24,T6_MEAT
T6_MEAL_STEW,,,
T8_MEAL_STEW,10,36,T8_PUMPKIN
T8_MEAL_STEW,10,36,T4_BREAD
T8_MEAL_STEW,10,72,T8_MEAT
T8_MEAL_STEW,,,
T4_MEAL_STEW_FISH,1,1,T3_FISH_FRESHWATER_FOREST_RARE
T4_MEAL_STEW_FISH,1,1,T4_TURNIP
T4_MEAL_STEW_FISH,1,1,T4_BURDOCK
T4_MEAL_STEW_FISH,,,
T6_MEAL_STEW_FISH,1,1,T5_FISH_FRESHWATER_FOREST_RARE
T6_MEAL_STEW_FISH,1,2,T6_POTATO
T6_MEAL_STEW_FISH,1,2,T6_FOXGLOVE
T6_MEAL_STEW_FISH,1,2,T6_MILK
T6_MEAL_STEW_FISH,,,
T8_MEAL_STEW_FISH,1,1,T7_FISH_FRESHWATER_FOREST_RARE
T8_MEAL_STEW_FISH,1,6,T8_PUMPKIN
T8_MEAL_STEW_FISH,1,6,T8_YARROW
T8_MEAL_STEW_FISH,1,6,T8_MILK
T8_MEAL_STEW_FISH,,,
T4_MEAL_SANDWICH,10,4,T4_BREAD
T4_MEAL_SANDWICH,10,8,T4_MEAT
T4_MEAL_SANDWICH,10,2,T4_BUTTER
T4_MEAL_SANDWICH,,,
T6_MEAL_SANDWICH,10,12,T4_BREAD
T6_MEAL_SANDWICH,10,24,T6_MEAT
T6_MEAL_SANDWICH,10,6,T6_BUTTER
T6_MEAL_SANDWICH,,,
T8_MEAL_SANDWICH,10,36,T4_BREAD
T8_MEAL_SANDWICH,10,72,T8_MEAT
T8_MEAL_SANDWICH,10,18,T8_BUTTER
T8_MEAL_SANDWICH,,,
T4_MEAL_SANDWICH_FISH,1,1,T3_FISH_FRESHWATER_HIGHLANDS_RARE
T4_MEAL_SANDWICH_FISH,1,1,T4_TURNIP
T4_MEAL_SANDWICH_FISH,1,1,T4_BUTTER
T4_MEAL_SANDWICH_FISH,,,
T6_MEAL_SANDWICH_FISH,1,1,T5_FISH_FRESHWATER_HIGHLANDS_RARE
T6_MEAL_SANDWICH_FISH,1,2,T6_POTATO
T6_MEAL_SANDWICH_FISH,1,2,T6_FOXGLOVE
T6_MEAL_SANDWICH_FISH,1,2,T6_BUTTER
T6_MEAL_SANDWICH_FISH,,,
T8_MEAL_SANDWICH_FISH,1,1,T7_FISH_FRESHWATER_HIGHLANDS_RARE
T8_MEAL_SANDWICH_FISH,1,6,T8_PUMPKIN
T8_MEAL_SANDWICH_FISH,1,6,T8_YARROW
T8_MEAL_SANDWICH_FISH,1,6,T8_BUTTER
T8_MEAL_SANDWICH_FISH,,,
T3_VANITY_CONSUMABLE_FIREWORKS_BLUE,5,,
T3_VANITY_CONSUMABLE_FIREWORKS_GREEN,5,,
T3_VANITY_CONSUMABLE_FIREWORKS_YELLOW,5,,
T3_VANITY_CONSUMABLE_FIREWORKS_RED,5,,
T3_VANITY_CONSUMABLE_FIREWORKS_BLUE_NONTRADABLE,5,,
T3_VANITY_CONSUMABLE_FIREWORKS_GREEN_NONTRADABLE,5,,
T3_VANITY_CONSUMABLE_FIREWORKS_YELLOW_NONTRADABLE,5,,
T3_VANITY_CONSUMABLE_FIREWORKS_RED_NONTRADABLE,5,,
UNIQUE_CONSUMABLE_EVENT_WINTER_2017,,,
UNIQUE_WEAPONMASTER_POTION_PROTOTYPE,5,8,T2_AGARIC
UNIQUE_WEAPONMASTER_IDLE_PROTOTYPE,5,8,T2_AGARIC
T1_OFF_SHIELD,,4,T1_WOOD
T2_OFF_SHIELD,,4,T2_PLANKS
T2_OFF_SHIELD,,4,T2_METALBAR
T3_OFF_SHIELD,,4,T3_PLANKS
T3_OFF_SHIELD,,4,T3_METALBAR
T4_OFF_SHIELD,,4,T4_PLANKS
T4_OFF_SHIELD,,4,T4_METALBAR
T4_OFF_SHIELD,,,
T5_OFF_SHIELD,,4,T5_PLANKS
T5_OFF_SHIELD,,4,T5_METALBAR
T5_OFF_SHIELD,,,
T6_OFF_SHIELD,,4,T6_PLANKS
T6_OFF_SHIELD,,4,T6_METALBAR
T6_OFF_SHIELD,,,
T7_OFF_SHIELD,,4,T7_PLANKS
T7_OFF_SHIELD,,4,T7_METALBAR
T7_OFF_SHIELD,,,
T8_OFF_SHIELD,,4,T8_PLANKS
T8_OFF_SHIELD,,4,T8_METALBAR
T8_OFF_SHIELD,,,
T4_OFF_TOWERSHIELD_UNDEAD,,4,T4_PLANKS
T4_OFF_TOWERSHIELD_UNDEAD,,4,T4_METALBAR
T4_OFF_TOWERSHIELD_UNDEAD,,1,T4_ARTEFACT_OFF_TOWERSHIELD_UNDEAD
T4_OFF_TOWERSHIELD_UNDEAD,,,
T5_OFF_TOWERSHIELD_UNDEAD,,4,T5_PLANKS
T5_OFF_TOWERSHIELD_UNDEAD,,4,T5_METALBAR
T5_OFF_TOWERSHIELD_UNDEAD,,1,T5_ARTEFACT_OFF_TOWERSHIELD_UNDEAD
T5_OFF_TOWERSHIELD_UNDEAD,,,
T6_OFF_TOWERSHIELD_UNDEAD,,4,T6_PLANKS
T6_OFF_TOWERSHIELD_UNDEAD,,4,T6_METALBAR
T6_OFF_TOWERSHIELD_UNDEAD,,1,T6_ARTEFACT_OFF_TOWERSHIELD_UNDEAD
T6_OFF_TOWERSHIELD_UNDEAD,,,
T7_OFF_TOWERSHIELD_UNDEAD,,4,T7_PLANKS
T7_OFF_TOWERSHIELD_UNDEAD,,4,T7_METALBAR
T7_OFF_TOWERSHIELD_UNDEAD,,1,T7_ARTEFACT_OFF_TOWERSHIELD_UNDEAD
T7_OFF_TOWERSHIELD_UNDEAD,,,
T8_OFF_TOWERSHIELD_UNDEAD,,4,T8_PLANKS
T8_OFF_TOWERSHIELD_UNDEAD,,4,T8_METALBAR
T8_OFF_TOWERSHIELD_UNDEAD,,1,T8_ARTEFACT_OFF_TOWERSHIELD_UNDEAD
T8_OFF_TOWERSHIELD_UNDEAD,,,
T4_OFF_SHIELD_HELL,,4,T4_PLANKS
T4_OFF_SHIELD_HELL,,4,T4_METALBAR
T4_OFF_SHIELD_HELL,,1,T4_ARTEFACT_OFF_SHIELD_HELL
T4_OFF_SHIELD_HELL,,,
T5_OFF_SHIELD_HELL,,4,T5_PLANKS
T5_OFF_SHIELD_HELL,,4,T5_METALBAR
T5_OFF_SHIELD_HELL,,1,T5_ARTEFACT_OFF_SHIELD_HELL
T5_OFF_SHIELD_HELL,,,
T6_OFF_SHIELD_HELL,,4,T6_PLANKS
T6_OFF_SHIELD_HELL,,4,T6_METALBAR
T6_OFF_SHIELD_HELL,,1,T6_ARTEFACT_OFF_SHIELD_HELL
T6_OFF_SHIELD_HELL,,,
T7_OFF_SHIELD_HELL,,4,T7_PLANKS
T7_OFF_SHIELD_HELL,,4,T7_METALBAR
T7_OFF_SHIELD_HELL,,1,T7_ARTEFACT_OFF_SHIELD_HELL
T7_OFF_SHIELD_HELL,,,
T8_OFF_SHIELD_HELL,,4,T8_PLANKS
T8_OFF_SHIELD_HELL,,4,T8_METALBAR
T8_OFF_SHIELD_HELL,,1,T8_ARTEFACT_OFF_SHIELD_HELL
T8_OFF_SHIELD_HELL,,,
T4_OFF_SPIKEDSHIELD_MORGANA,,4,T4_PLANKS
T4_OFF_SPIKEDSHIELD_MORGANA,,4,T4_METALBAR
T4_OFF_SPIKEDSHIELD_MORGANA,,1,T4_ARTEFACT_OFF_SPIKEDSHIELD_MORGANA
T4_OFF_SPIKEDSHIELD_MORGANA,,,
T5_OFF_SPIKEDSHIELD_MORGANA,,4,T5_PLANKS
T5_OFF_SPIKEDSHIELD_MORGANA,,4,T5_METALBAR
T5_OFF_SPIKEDSHIELD_MORGANA,,1,T5_ARTEFACT_OFF_SPIKEDSHIELD_MORGANA
T5_OFF_SPIKEDSHIELD_MORGANA,,,
T6_OFF_SPIKEDSHIELD_MORGANA,,4,T6_PLANKS
T6_OFF_SPIKEDSHIELD_MORGANA,,4,T6_METALBAR
T6_OFF_SPIKEDSHIELD_MORGANA,,1,T6_ARTEFACT_OFF_SPIKEDSHIELD_MORGANA
T6_OFF_SPIKEDSHIELD_MORGANA,,,
T7_OFF_SPIKEDSHIELD_MORGANA,,4,T7_PLANKS
T7_OFF_SPIKEDSHIELD_MORGANA,,4,T7_METALBAR
T7_OFF_SPIKEDSHIELD_MORGANA,,1,T7_ARTEFACT_OFF_SPIKEDSHIELD_MORGANA
T7_OFF_SPIKEDSHIELD_MORGANA,,,
T8_OFF_SPIKEDSHIELD_MORGANA,,4,T8_PLANKS
T8_OFF_SPIKEDSHIELD_MORGANA,,4,T8_METALBAR
T8_OFF_SPIKEDSHIELD_MORGANA,,1,T8_ARTEFACT_OFF_SPIKEDSHIELD_MORGANA
T8_OFF_SPIKEDSHIELD_MORGANA,,,
T2_OFF_BOOK,,4,T2_CLOTH
T2_OFF_BOOK,,4,T2_LEATHER
T3_OFF_BOOK,,4,T3_CLOTH
T3_OFF_BOOK,,4,T3_LEATHER
T4_OFF_BOOK,,4,T4_CLOTH
T4_OFF_BOOK,,4,T4_LEATHER
T4_OFF_BOOK,,,
T5_OFF_BOOK,,4,T5_CLOTH
T5_OFF_BOOK,,4,T5_LEATHER
T5_OFF_BOOK,,,
T6_OFF_BOOK,,4,T6_CLOTH
T6_OFF_BOOK,,4,T6_LEATHER
T6_OFF_BOOK,,,
T7_OFF_BOOK,,4,T7_CLOTH
T7_OFF_BOOK,,4,T7_LEATHER
T7_OFF_BOOK,,,
T8_OFF_BOOK,,4,T8_CLOTH
T8_OFF_BOOK,,4,T8_LEATHER
T8_OFF_BOOK,,,
T4_OFF_ORB_MORGANA,,4,T4_CLOTH
T4_OFF_ORB_MORGANA,,4,T4_LEATHER
T4_OFF_ORB_MORGANA,,1,T4_ARTEFACT_OFF_ORB_MORGANA
T4_OFF_ORB_MORGANA,,,
T5_OFF_ORB_MORGANA,,4,T5_CLOTH
T5_OFF_ORB_MORGANA,,4,T5_LEATHER
T5_OFF_ORB_MORGANA,,1,T5_ARTEFACT_OFF_ORB_MORGANA
T5_OFF_ORB_MORGANA,,,
T6_OFF_ORB_MORGANA,,4,T6_CLOTH
T6_OFF_ORB_MORGANA,,4,T6_LEATHER
T6_OFF_ORB_MORGANA,,1,T6_ARTEFACT_OFF_ORB_MORGANA
T6_OFF_ORB_MORGANA,,,
T7_OFF_ORB_MORGANA,,4,T7_CLOTH
T7_OFF_ORB_MORGANA,,4,T7_LEATHER
T7_OFF_ORB_MORGANA,,1,T7_ARTEFACT_OFF_ORB_MORGANA
T7_OFF_ORB_MORGANA,,,
T8_OFF_ORB_MORGANA,,4,T8_CLOTH
T8_OFF_ORB_MORGANA,,4,T8_LEATHER
T8_OFF_ORB_MORGANA,,1,T8_ARTEFACT_OFF_ORB_MORGANA
T8_OFF_ORB_MORGANA,,,
T4_OFF_DEMONSKULL_HELL,,4,T4_CLOTH
T4_OFF_DEMONSKULL_HELL,,4,T4_LEATHER
T4_OFF_DEMONSKULL_HELL,,1,T4_ARTEFACT_OFF_DEMONSKULL_HELL
T4_OFF_DEMONSKULL_HELL,,,
T5_OFF_DEMONSKULL_HELL,,4,T5_CLOTH
T5_OFF_DEMONSKULL_HELL,,4,T5_LEATHER
T5_OFF_DEMONSKULL_HELL,,1,T5_ARTEFACT_OFF_DEMONSKULL_HELL
T5_OFF_DEMONSKULL_HELL,,,
T6_OFF_DEMONSKULL_HELL,,4,T6_CLOTH
T6_OFF_DEMONSKULL_HELL,,4,T6_LEATHER
T6_OFF_DEMONSKULL_HELL,,1,T6_ARTEFACT_OFF_DEMONSKULL_HELL
T6_OFF_DEMONSKULL_HELL,,,
T7_OFF_DEMONSKULL_HELL,,4,T7_CLOTH
T7_OFF_DEMONSKULL_HELL,,4,T7_LEATHER
T7_OFF_DEMONSKULL_HELL,,1,T7_ARTEFACT_OFF_DEMONSKULL_HELL
T7_OFF_DEMONSKULL_HELL,,,
T8_OFF_DEMONSKULL_HELL,,4,T8_CLOTH
T8_OFF_DEMONSKULL_HELL,,4,T8_LEATHER
T8_OFF_DEMONSKULL_HELL,,1,T8_ARTEFACT_OFF_DEMONSKULL_HELL
T8_OFF_DEMONSKULL_HELL,,,
T4_OFF_TOTEM_KEEPER,,4,T4_CLOTH
T4_OFF_TOTEM_KEEPER,,4,T4_LEATHER
T4_OFF_TOTEM_KEEPER,,1,T4_ARTEFACT_OFF_TOTEM_KEEPER
T4_OFF_TOTEM_KEEPER,,,
T5_OFF_TOTEM_KEEPER,,4,T5_CLOTH
T5_OFF_TOTEM_KEEPER,,4,T5_LEATHER
T5_OFF_TOTEM_KEEPER,,1,T5_ARTEFACT_OFF_TOTEM_KEEPER
T5_OFF_TOTEM_KEEPER,,,
T6_OFF_TOTEM_KEEPER,,4,T6_CLOTH
T6_OFF_TOTEM_KEEPER,,4,T6_LEATHER
T6_OFF_TOTEM_KEEPER,,1,T6_ARTEFACT_OFF_TOTEM_KEEPER
T6_OFF_TOTEM_KEEPER,,,
T7_OFF_TOTEM_KEEPER,,4,T7_CLOTH
T7_OFF_TOTEM_KEEPER,,4,T7_LEATHER
T7_OFF_TOTEM_KEEPER,,1,T7_ARTEFACT_OFF_TOTEM_KEEPER
T7_OFF_TOTEM_KEEPER,,,
T8_OFF_TOTEM_KEEPER,,4,T8_CLOTH
T8_OFF_TOTEM_KEEPER,,4,T8_LEATHER
T8_OFF_TOTEM_KEEPER,,1,T8_ARTEFACT_OFF_TOTEM_KEEPER
T8_OFF_TOTEM_KEEPER,,,
T3_OFF_TORCH,,4,T3_PLANKS
T3_OFF_TORCH,,4,T3_CLOTH
T4_OFF_TORCH,,4,T4_PLANKS
T4_OFF_TORCH,,4,T4_CLOTH
T4_OFF_TORCH,,,
T5_OFF_TORCH,,4,T5_PLANKS
T5_OFF_TORCH,,4,T5_CLOTH
T5_OFF_TORCH,,,
T6_OFF_TORCH,,4,T6_PLANKS
T6_OFF_TORCH,,4,T6_CLOTH
T6_OFF_TORCH,,,
T7_OFF_TORCH,,4,T7_PLANKS
T7_OFF_TORCH,,4,T7_CLOTH
T7_OFF_TORCH,,,
T8_OFF_TORCH,,4,T8_PLANKS
T8_OFF_TORCH,,4,T8_CLOTH
T8_OFF_TORCH,,,
T4_OFF_HORN_KEEPER,,4,T4_PLANKS
T4_OFF_HORN_KEEPER,,4,T4_CLOTH
T4_OFF_HORN_KEEPER,,1,T4_ARTEFACT_OFF_HORN_KEEPER
T4_OFF_HORN_KEEPER,,,
T5_OFF_HORN_KEEPER,,4,T5_PLANKS
T5_OFF_HORN_KEEPER,,4,T5_CLOTH
T5_OFF_HORN_KEEPER,,1,T5_ARTEFACT_OFF_HORN_KEEPER
T5_OFF_HORN_KEEPER,,,
T6_OFF_HORN_KEEPER,,4,T6_PLANKS
T6_OFF_HORN_KEEPER,,4,T6_CLOTH
T6_OFF_HORN_KEEPER,,1,T6_ARTEFACT_OFF_HORN_KEEPER
T6_OFF_HORN_KEEPER,,,
T7_OFF_HORN_KEEPER,,4,T7_PLANKS
T7_OFF_HORN_KEEPER,,4,T7_CLOTH
T7_OFF_HORN_KEEPER,,1,T7_ARTEFACT_OFF_HORN_KEEPER
T7_OFF_HORN_KEEPER,,,
T8_OFF_HORN_KEEPER,,4,T8_PLANKS
T8_OFF_HORN_KEEPER,,4,T8_CLOTH
T8_OFF_HORN_KEEPER,,1,T8_ARTEFACT_OFF_HORN_KEEPER
T8_OFF_HORN_KEEPER,,,
T4_OFF_JESTERCANE_HELL,,4,T4_PLANKS
T4_OFF_JESTERCANE_HELL,,4,T4_CLOTH
T4_OFF_JESTERCANE_HELL,,1,T4_ARTEFACT_OFF_JESTERCANE_HELL
T4_OFF_JESTERCANE_HELL,,,
T5_OFF_JESTERCANE_HELL,,4,T5_PLANKS
T5_OFF_JESTERCANE_HELL,,4,T5_CLOTH
T5_OFF_JESTERCANE_HELL,,1,T5_ARTEFACT_OFF_JESTERCANE_HELL
T5_OFF_JESTERCANE_HELL,,,
T6_OFF_JESTERCANE_HELL,,4,T6_PLANKS
T6_OFF_JESTERCANE_HELL,,4,T6_CLOTH
T6_OFF_JESTERCANE_HELL,,1,T6_ARTEFACT_OFF_JESTERCANE_HELL
T6_OFF_JESTERCANE_HELL,,,
T7_OFF_JESTERCANE_HELL,,4,T7_PLANKS
T7_OFF_JESTERCANE_HELL,,4,T7_CLOTH
T7_OFF_JESTERCANE_HELL,,1,T7_ARTEFACT_OFF_JESTERCANE_HELL
T7_OFF_JESTERCANE_HELL,,,
T8_OFF_JESTERCANE_HELL,,4,T8_PLANKS
T8_OFF_JESTERCANE_HELL,,4,T8_CLOTH
T8_OFF_JESTERCANE_HELL,,1,T8_ARTEFACT_OFF_JESTERCANE_HELL
T8_OFF_JESTERCANE_HELL,,,
T4_OFF_LAMP_UNDEAD,,4,T4_PLANKS
T4_OFF_LAMP_UNDEAD,,4,T4_CLOTH
T4_OFF_LAMP_UNDEAD,,1,T4_ARTEFACT_OFF_LAMP_UNDEAD
T4_OFF_LAMP_UNDEAD,,,
T5_OFF_LAMP_UNDEAD,,4,T5_PLANKS
T5_OFF_LAMP_UNDEAD,,4,T5_CLOTH
T5_OFF_LAMP_UNDEAD,,1,T5_ARTEFACT_OFF_LAMP_UNDEAD
T5_OFF_LAMP_UNDEAD,,,
T6_OFF_LAMP_UNDEAD,,4,T6_PLANKS
T6_OFF_LAMP_UNDEAD,,4,T6_CLOTH
T6_OFF_LAMP_UNDEAD,,1,T6_ARTEFACT_OFF_LAMP_UNDEAD
T6_OFF_LAMP_UNDEAD,,,
T7_OFF_LAMP_UNDEAD,,4,T7_PLANKS
T7_OFF_LAMP_UNDEAD,,4,T7_CLOTH
T7_OFF_LAMP_UNDEAD,,1,T7_ARTEFACT_OFF_LAMP_UNDEAD
T7_OFF_LAMP_UNDEAD,,,
T8_OFF_LAMP_UNDEAD,,4,T8_PLANKS
T8_OFF_LAMP_UNDEAD,,4,T8_CLOTH
T8_OFF_LAMP_UNDEAD,,1,T8_ARTEFACT_OFF_LAMP_UNDEAD
T8_OFF_LAMP_UNDEAD,,,
T2_CAPE,,4,T2_CLOTH
T2_CAPE,,4,T2_LEATHER
T3_CAPE,,4,T3_CLOTH
T3_CAPE,,4,T3_LEATHER
T4_CAPE,,4,T4_CLOTH
T4_CAPE,,4,T4_LEATHER
T4_CAPE,,,
T5_CAPE,,4,T5_CLOTH
T5_CAPE,,4,T5_LEATHER
T5_CAPE,,,
T6_CAPE,,4,T6_CLOTH
T6_CAPE,,4,T6_LEATHER
T6_CAPE,,,
T7_CAPE,,4,T7_CLOTH
T7_CAPE,,4,T7_LEATHER
T7_CAPE,,,
T8_CAPE,,4,T8_CLOTH
T8_CAPE,,4,T8_LEATHER
T8_CAPE,,,
T4_CAPEITEM_FW_BRIDGEWATCH,,1,T4_CAPE
T4_CAPEITEM_FW_BRIDGEWATCH,,1,T4_CAPEITEM_FW_BRIDGEWATCH_BP
T4_CAPEITEM_FW_BRIDGEWATCH,,1,T1_FACTION_STEPPE_TOKEN_1
T4_CAPEITEM_FW_BRIDGEWATCH,,,
T5_CAPEITEM_FW_BRIDGEWATCH,,1,T5_CAPE
T5_CAPEITEM_FW_BRIDGEWATCH,,1,T5_CAPEITEM_FW_BRIDGEWATCH_BP
T5_CAPEITEM_FW_BRIDGEWATCH,,1,T1_FACTION_STEPPE_TOKEN_1
T5_CAPEITEM_FW_BRIDGEWATCH,,,
T6_CAPEITEM_FW_BRIDGEWATCH,,1,T6_CAPE
T6_CAPEITEM_FW_BRIDGEWATCH,,1,T6_CAPEITEM_FW_BRIDGEWATCH_BP
T6_CAPEITEM_FW_BRIDGEWATCH,,3,T1_FACTION_STEPPE_TOKEN_1
T6_CAPEITEM_FW_BRIDGEWATCH,,,
T7_CAPEITEM_FW_BRIDGEWATCH,,1,T7_CAPE
T7_CAPEITEM_FW_BRIDGEWATCH,,1,T7_CAPEITEM_FW_BRIDGEWATCH_BP
T7_CAPEITEM_FW_BRIDGEWATCH,,5,T1_FACTION_STEPPE_TOKEN_1
T7_CAPEITEM_FW_BRIDGEWATCH,,,
T8_CAPEITEM_FW_BRIDGEWATCH,,1,T8_CAPE
T8_CAPEITEM_FW_BRIDGEWATCH,,1,T8_CAPEITEM_FW_BRIDGEWATCH_BP
T8_CAPEITEM_FW_BRIDGEWATCH,,10,T1_FACTION_STEPPE_TOKEN_1
T8_CAPEITEM_FW_BRIDGEWATCH,,,
T4_CAPEITEM_FW_FORTSTERLING,,1,T4_CAPE
T4_CAPEITEM_FW_FORTSTERLING,,1,T4_CAPEITEM_FW_FORTSTERLING_BP
T4_CAPEITEM_FW_FORTSTERLING,,1,T1_FACTION_MOUNTAIN_TOKEN_1
T4_CAPEITEM_FW_FORTSTERLING,,,
T5_CAPEITEM_FW_FORTSTERLING,,1,T5_CAPE
T5_CAPEITEM_FW_FORTSTERLING,,1,T5_CAPEITEM_FW_FORTSTERLING_BP
T5_CAPEITEM_FW_FORTSTERLING,,1,T1_FACTION_MOUNTAIN_TOKEN_1
T5_CAPEITEM_FW_FORTSTERLING,,,
T6_CAPEITEM_FW_FORTSTERLING,,1,T6_CAPE
T6_CAPEITEM_FW_FORTSTERLING,,1,T6_CAPEITEM_FW_FORTSTERLING_BP
T6_CAPEITEM_FW_FORTSTERLING,,3,T1_FACTION_MOUNTAIN_TOKEN_1
T6_CAPEITEM_FW_FORTSTERLING,,,
T7_CAPEITEM_FW_FORTSTERLING,,1,T7_CAPE
T7_CAPEITEM_FW_FORTSTERLING,,1,T7_CAPEITEM_FW_FORTSTERLING_BP
T7_CAPEITEM_FW_FORTSTERLING,,5,T1_FACTION_MOUNTAIN_TOKEN_1
T7_CAPEITEM_FW_FORTSTERLING,,,
T8_CAPEITEM_FW_FORTSTERLING,,1,T8_CAPE
T8_CAPEITEM_FW_FORTSTERLING,,1,T8_CAPEITEM_FW_FORTSTERLING_BP
T8_CAPEITEM_FW_FORTSTERLING,,10,T1_FACTION_MOUNTAIN_TOKEN_1
T8_CAPEITEM_FW_FORTSTERLING,,,
T4_CAPEITEM_FW_LYMHURST,,1,T4_CAPE
T4_CAPEITEM_FW_LYMHURST,,1,T4_CAPEITEM_FW_LYMHURST_BP
T4_CAPEITEM_FW_LYMHURST,,1,T1_FACTION_FOREST_TOKEN_1
T4_CAPEITEM_FW_LYMHURST,,,
T5_CAPEITEM_FW_LYMHURST,,1,T5_CAPE
T5_CAPEITEM_FW_LYMHURST,,1,T5_CAPEITEM_FW_LYMHURST_BP
T5_CAPEITEM_FW_LYMHURST,,1,T1_FACTION_FOREST_TOKEN_1
T5_CAPEITEM_FW_LYMHURST,,,
T6_CAPEITEM_FW_LYMHURST,,1,T6_CAPE
T6_CAPEITEM_FW_LYMHURST,,1,T6_CAPEITEM_FW_LYMHURST_BP
T6_CAPEITEM_FW_LYMHURST,,3,T1_FACTION_FOREST_TOKEN_1
T6_CAPEITEM_FW_LYMHURST,,,
T7_CAPEITEM_FW_LYMHURST,,1,T7_CAPE
T7_CAPEITEM_FW_LYMHURST,,1,T7_CAPEITEM_FW_LYMHURST_BP
T7_CAPEITEM_FW_LYMHURST,,5,T1_FACTION_FOREST_TOKEN_1
T7_CAPEITEM_FW_LYMHURST,,,
T8_CAPEITEM_FW_LYMHURST,,1,T8_CAPE
T8_CAPEITEM_FW_LYMHURST,,1,T8_CAPEITEM_FW_LYMHURST_BP
T8_CAPEITEM_FW_LYMHURST,,10,T1_FACTION_FOREST_TOKEN_1
T8_CAPEITEM_FW_LYMHURST,,,
T4_CAPEITEM_FW_MARTLOCK,,1,T4_CAPE
T4_CAPEITEM_FW_MARTLOCK,,1,T4_CAPEITEM_FW_MARTLOCK_BP
T4_CAPEITEM_FW_MARTLOCK,,1,T1_FACTION_HIGHLAND_TOKEN_1
T4_CAPEITEM_FW_MARTLOCK,,,
T5_CAPEITEM_FW_MARTLOCK,,1,T5_CAPE
T5_CAPEITEM_FW_MARTLOCK,,1,T5_CAPEITEM_FW_MARTLOCK_BP
T5_CAPEITEM_FW_MARTLOCK,,1,T1_FACTION_HIGHLAND_TOKEN_1
T5_CAPEITEM_FW_MARTLOCK,,,
T6_CAPEITEM_FW_MARTLOCK,,1,T6_CAPE
T6_CAPEITEM_FW_MARTLOCK,,1,T6_CAPEITEM_FW_MARTLOCK_BP
T6_CAPEITEM_FW_MARTLOCK,,3,T1_FACTION_HIGHLAND_TOKEN_1
T6_CAPEITEM_FW_MARTLOCK,,,
T7_CAPEITEM_FW_MARTLOCK,,1,T7_CAPE
T7_CAPEITEM_FW_MARTLOCK,,1,T7_CAPEITEM_FW_MARTLOCK_BP
T7_CAPEITEM_FW_MARTLOCK,,5,T1_FACTION_HIGHLAND_TOKEN_1
T7_CAPEITEM_FW_MARTLOCK,,,
T8_CAPEITEM_FW_MARTLOCK,,1,T8_CAPE
T8_CAPEITEM_FW_MARTLOCK,,1,T8_CAPEITEM_FW_MARTLOCK_BP
T8_CAPEITEM_FW_MARTLOCK,,10,T1_FACTION_HIGHLAND_TOKEN_1
T8_CAPEITEM_FW_MARTLOCK,,,
T4_CAPEITEM_FW_THETFORD,,1,T4_CAPE
T4_CAPEITEM_FW_THETFORD,,1,T4_CAPEITEM_FW_THETFORD_BP
T4_CAPEITEM_FW_THETFORD,,1,T1_FACTION_SWAMP_TOKEN_1
T4_CAPEITEM_FW_THETFORD,,,
T5_CAPEITEM_FW_THETFORD,,1,T5_CAPE
T5_CAPEITEM_FW_THETFORD,,1,T5_CAPEITEM_FW_THETFORD_BP
T5_CAPEITEM_FW_THETFORD,,1,T1_FACTION_SWAMP_TOKEN_1
T5_CAPEITEM_FW_THETFORD,,,
T6_CAPEITEM_FW_THETFORD,,1,T6_CAPE
T6_CAPEITEM_FW_THETFORD,,1,T6_CAPEITEM_FW_THETFORD_BP
T6_CAPEITEM_FW_THETFORD,,3,T1_FACTION_SWAMP_TOKEN_1
T6_CAPEITEM_FW_THETFORD,,,
T7_CAPEITEM_FW_THETFORD,,1,T7_CAPE
T7_CAPEITEM_FW_THETFORD,,1,T7_CAPEITEM_FW_THETFORD_BP
T7_CAPEITEM_FW_THETFORD,,5,T1_FACTION_SWAMP_TOKEN_1
T7_CAPEITEM_FW_THETFORD,,,
T8_CAPEITEM_FW_THETFORD,,1,T8_CAPE
T8_CAPEITEM_FW_THETFORD,,1,T8_CAPEITEM_FW_THETFORD_BP
T8_CAPEITEM_FW_THETFORD,,10,T1_FACTION_SWAMP_TOKEN_1
T8_CAPEITEM_FW_THETFORD,,,
T4_CAPEITEM_HERETIC,,1,T4_CAPE
T4_CAPEITEM_HERETIC,,1,T4_CAPEITEM_HERETIC_BP
T4_CAPEITEM_HERETIC,,1,T1_FACTION_FOREST_TOKEN_1
T4_CAPEITEM_HERETIC,,,
T5_CAPEITEM_HERETIC,,1,T5_CAPE
T5_CAPEITEM_HERETIC,,1,T5_CAPEITEM_HERETIC_BP
T5_CAPEITEM_HERETIC,,1,T1_FACTION_FOREST_TOKEN_1
T5_CAPEITEM_HERETIC,,,
T6_CAPEITEM_HERETIC,,1,T6_CAPE
T6_CAPEITEM_HERETIC,,1,T6_CAPEITEM_HERETIC_BP
T6_CAPEITEM_HERETIC,,3,T1_FACTION_FOREST_TOKEN_1
T6_CAPEITEM_HERETIC,,,
T7_CAPEITEM_HERETIC,,1,T7_CAPE
T7_CAPEITEM_HERETIC,,1,T7_CAPEITEM_HERETIC_BP
T7_CAPEITEM_HERETIC,,5,T1_FACTION_FOREST_TOKEN_1
T7_CAPEITEM_HERETIC,,,
T8_CAPEITEM_HERETIC,,1,T8_CAPE
T8_CAPEITEM_HERETIC,,1,T8_CAPEITEM_HERETIC_BP
T8_CAPEITEM_HERETIC,,10,T1_FACTION_FOREST_TOKEN_1
T8_CAPEITEM_HERETIC,,,
T4_CAPEITEM_UNDEAD,,1,T4_CAPE
T4_CAPEITEM_UNDEAD,,1,T4_CAPEITEM_UNDEAD_BP
T4_CAPEITEM_UNDEAD,,1,T1_FACTION_MOUNTAIN_TOKEN_1
T4_CAPEITEM_UNDEAD,,,
T5_CAPEITEM_UNDEAD,,1,T5_CAPE
T5_CAPEITEM_UNDEAD,,1,T5_CAPEITEM_UNDEAD_BP
T5_CAPEITEM_UNDEAD,,1,T1_FACTION_MOUNTAIN_TOKEN_1
T5_CAPEITEM_UNDEAD,,,
T6_CAPEITEM_UNDEAD,,1,T6_CAPE
T6_CAPEITEM_UNDEAD,,1,T6_CAPEITEM_UNDEAD_BP
T6_CAPEITEM_UNDEAD,,3,T1_FACTION_MOUNTAIN_TOKEN_1
T6_CAPEITEM_UNDEAD,,,
T7_CAPEITEM_UNDEAD,,1,T7_CAPE
T7_CAPEITEM_UNDEAD,,1,T7_CAPEITEM_UNDEAD_BP
T7_CAPEITEM_UNDEAD,,5,T1_FACTION_MOUNTAIN_TOKEN_1
T7_CAPEITEM_UNDEAD,,,
T8_CAPEITEM_UNDEAD,,1,T8_CAPE
T8_CAPEITEM_UNDEAD,,1,T8_CAPEITEM_UNDEAD_BP
T8_CAPEITEM_UNDEAD,,10,T1_FACTION_MOUNTAIN_TOKEN_1
T8_CAPEITEM_UNDEAD,,,
T4_CAPEITEM_KEEPER,,1,T4_CAPE
T4_CAPEITEM_KEEPER,,1,T4_CAPEITEM_KEEPER_BP
T4_CAPEITEM_KEEPER,,1,T1_FACTION_HIGHLAND_TOKEN_1
T4_CAPEITEM_KEEPER,,,
T5_CAPEITEM_KEEPER,,1,T5_CAPE
T5_CAPEITEM_KEEPER,,1,T5_CAPEITEM_KEEPER_BP
T5_CAPEITEM_KEEPER,,1,T1_FACTION_HIGHLAND_TOKEN_1
T5_CAPEITEM_KEEPER,,,
T6_CAPEITEM_KEEPER,,1,T6_CAPE
T6_CAPEITEM_KEEPER,,1,T6_CAPEITEM_KEEPER_BP
T6_CAPEITEM_KEEPER,,3,T1_FACTION_HIGHLAND_TOKEN_1
T6_CAPEITEM_KEEPER,,,
T7_CAPEITEM_KEEPER,,1,T7_CAPE
T7_CAPEITEM_KEEPER,,1,T7_CAPEITEM_KEEPER_BP
T7_CAPEITEM_KEEPER,,5,T1_FACTION_HIGHLAND_TOKEN_1
T7_CAPEITEM_KEEPER,,,
T8_CAPEITEM_KEEPER,,1,T8_CAPE
T8_CAPEITEM_KEEPER,,1,T8_CAPEITEM_KEEPER_BP
T8_CAPEITEM_KEEPER,,10,T1_FACTION_HIGHLAND_TOKEN_1
T8_CAPEITEM_KEEPER,,,
T4_CAPEITEM_MORGANA,,1,T4_CAPE
T4_CAPEITEM_MORGANA,,1,T4_CAPEITEM_MORGANA_BP
T4_CAPEITEM_MORGANA,,1,T1_FACTION_SWAMP_TOKEN_1
T4_CAPEITEM_MORGANA,,,
T5_CAPEITEM_MORGANA,,1,T5_CAPE
T5_CAPEITEM_MORGANA,,1,T5_CAPEITEM_MORGANA_BP
T5_CAPEITEM_MORGANA,,1,T1_FACTION_SWAMP_TOKEN_1
T5_CAPEITEM_MORGANA,,,
T6_CAPEITEM_MORGANA,,1,T6_CAPE
T6_CAPEITEM_MORGANA,,1,T6_CAPEITEM_MORGANA_BP
T6_CAPEITEM_MORGANA,,3,T1_FACTION_SWAMP_TOKEN_1
T6_CAPEITEM_MORGANA,,,
T7_CAPEITEM_MORGANA,,1,T7_CAPE
T7_CAPEITEM_MORGANA,,1,T7_CAPEITEM_MORGANA_BP
T7_CAPEITEM_MORGANA,,5,T1_FACTION_SWAMP_TOKEN_1
T7_CAPEITEM_MORGANA,,,
T8_CAPEITEM_MORGANA,,1,T8_CAPE
T8_CAPEITEM_MORGANA,,1,T8_CAPEITEM_MORGANA_BP
T8_CAPEITEM_MORGANA,,10,T1_FACTION_SWAMP_TOKEN_1
T8_CAPEITEM_MORGANA,,,
T4_CAPEITEM_DEMON,,1,T4_CAPE
T4_CAPEITEM_DEMON,,1,T4_CAPEITEM_DEMON_BP
T4_CAPEITEM_DEMON,,1,T1_FACTION_STEPPE_TOKEN_1
T4_CAPEITEM_DEMON,,,
T5_CAPEITEM_DEMON,,1,T5_CAPE
T5_CAPEITEM_DEMON,,1,T5_CAPEITEM_DEMON_BP
T5_CAPEITEM_DEMON,,1,T1_FACTION_STEPPE_TOKEN_1
T5_CAPEITEM_DEMON,,,
T6_CAPEITEM_DEMON,,1,T6_CAPE
T6_CAPEITEM_DEMON,,1,T6_CAPEITEM_DEMON_BP
T6_CAPEITEM_DEMON,,3,T1_FACTION_STEPPE_TOKEN_1
T6_CAPEITEM_DEMON,,,
T7_CAPEITEM_DEMON,,1,T7_CAPE
T7_CAPEITEM_DEMON,,1,T7_CAPEITEM_DEMON_BP
T7_CAPEITEM_DEMON,,5,T1_FACTION_STEPPE_TOKEN_1
T7_CAPEITEM_DEMON,,,
T8_CAPEITEM_DEMON,,1,T8_CAPE
T8_CAPEITEM_DEMON,,1,T8_CAPEITEM_DEMON_BP
T8_CAPEITEM_DEMON,,10,T1_FACTION_STEPPE_TOKEN_1
T8_CAPEITEM_DEMON,,,
T4_BAG_FW_BONUS_FAME,,8,T4_CLOTH
T4_BAG_FW_BONUS_FAME,,8,T4_LEATHER
T4_BAG_FW_BONUS_FAME,,1,T4_BAG_FW_FAME_BP
T4_BAG_FW_BONUS_FAME,,10,T1_FACTION_FOREST_TOKEN_1
T4_BAG_FW_BONUS_FAME,,10,T1_FACTION_HIGHLAND_TOKEN_1
T4_BAG_FW_BONUS_FAME,,10,T1_FACTION_STEPPE_TOKEN_1
T4_BAG_FW_BONUS_FAME,,10,T1_FACTION_MOUNTAIN_TOKEN_1
T4_BAG_FW_BONUS_FAME,,10,T1_FACTION_SWAMP_TOKEN_1
T4_BAG_FW_BONUS_FAME,,,
T5_BAG_FW_BONUS_FAME,,8,T5_CLOTH
T5_BAG_FW_BONUS_FAME,,8,T5_LEATHER
T5_BAG_FW_BONUS_FAME,,1,T5_BAG_FW_FAME_BP
T5_BAG_FW_BONUS_FAME,,10,T1_FACTION_FOREST_TOKEN_1
T5_BAG_FW_BONUS_FAME,,10,T1_FACTION_HIGHLAND_TOKEN_1
T5_BAG_FW_BONUS_FAME,,10,T1_FACTION_STEPPE_TOKEN_1
T5_BAG_FW_BONUS_FAME,,10,T1_FACTION_MOUNTAIN_TOKEN_1
T5_BAG_FW_BONUS_FAME,,10,T1_FACTION_SWAMP_TOKEN_1
T5_BAG_FW_BONUS_FAME,,,
T6_BAG_FW_BONUS_FAME,,8,T6_CLOTH
T6_BAG_FW_BONUS_FAME,,8,T6_LEATHER
T6_BAG_FW_BONUS_FAME,,1,T6_BAG_FW_FAME_BP
T6_BAG_FW_BONUS_FAME,,10,T1_FACTION_FOREST_TOKEN_1
T6_BAG_FW_BONUS_FAME,,10,T1_FACTION_HIGHLAND_TOKEN_1
T6_BAG_FW_BONUS_FAME,,10,T1_FACTION_STEPPE_TOKEN_1
T6_BAG_FW_BONUS_FAME,,10,T1_FACTION_MOUNTAIN_TOKEN_1
T6_BAG_FW_BONUS_FAME,,10,T1_FACTION_SWAMP_TOKEN_1
T6_BAG_FW_BONUS_FAME,,,
T7_BAG_FW_BONUS_FAME,,8,T7_CLOTH
T7_BAG_FW_BONUS_FAME,,8,T7_LEATHER
T7_BAG_FW_BONUS_FAME,,1,T7_BAG_FW_FAME_BP
T7_BAG_FW_BONUS_FAME,,10,T1_FACTION_FOREST_TOKEN_1
T7_BAG_FW_BONUS_FAME,,10,T1_FACTION_HIGHLAND_TOKEN_1
T7_BAG_FW_BONUS_FAME,,10,T1_FACTION_STEPPE_TOKEN_1
T7_BAG_FW_BONUS_FAME,,10,T1_FACTION_MOUNTAIN_TOKEN_1
T7_BAG_FW_BONUS_FAME,,10,T1_FACTION_SWAMP_TOKEN_1
T7_BAG_FW_BONUS_FAME,,,
T8_BAG_FW_BONUS_FAME,,8,T8_CLOTH
T8_BAG_FW_BONUS_FAME,,8,T8_LEATHER
T8_BAG_FW_BONUS_FAME,,1,T8_BAG_FW_FAME_BP
T8_BAG_FW_BONUS_FAME,,10,T1_FACTION_FOREST_TOKEN_1
T8_BAG_FW_BONUS_FAME,,10,T1_FACTION_HIGHLAND_TOKEN_1
T8_BAG_FW_BONUS_FAME,,10,T1_FACTION_STEPPE_TOKEN_1
T8_BAG_FW_BONUS_FAME,,10,T1_FACTION_MOUNTAIN_TOKEN_1
T8_BAG_FW_BONUS_FAME,,10,T1_FACTION_SWAMP_TOKEN_1
T8_BAG_FW_BONUS_FAME,,,
T4_BAG_FW_BONUS_YIELD,,8,T4_CLOTH
T4_BAG_FW_BONUS_YIELD,,8,T4_LEATHER
T4_BAG_FW_BONUS_YIELD,,1,T4_BAG_FW_YIELD_BP
T4_BAG_FW_BONUS_YIELD,,10,T1_FACTION_FOREST_TOKEN_1
T4_BAG_FW_BONUS_YIELD,,10,T1_FACTION_HIGHLAND_TOKEN_1
T4_BAG_FW_BONUS_YIELD,,10,T1_FACTION_STEPPE_TOKEN_1
T4_BAG_FW_BONUS_YIELD,,10,T1_FACTION_MOUNTAIN_TOKEN_1
T4_BAG_FW_BONUS_YIELD,,10,T1_FACTION_SWAMP_TOKEN_1
T4_BAG_FW_BONUS_YIELD,,,
T5_BAG_FW_BONUS_YIELD,,8,T5_CLOTH
T5_BAG_FW_BONUS_YIELD,,8,T5_LEATHER
T5_BAG_FW_BONUS_YIELD,,1,T5_BAG_FW_YIELD_BP
T5_BAG_FW_BONUS_YIELD,,10,T1_FACTION_FOREST_TOKEN_1
T5_BAG_FW_BONUS_YIELD,,10,T1_FACTION_HIGHLAND_TOKEN_1
T5_BAG_FW_BONUS_YIELD,,10,T1_FACTION_STEPPE_TOKEN_1
T5_BAG_FW_BONUS_YIELD,,10,T1_FACTION_MOUNTAIN_TOKEN_1
T5_BAG_FW_BONUS_YIELD,,10,T1_FACTION_SWAMP_TOKEN_1
T5_BAG_FW_BONUS_YIELD,,,
T6_BAG_FW_BONUS_YIELD,,8,T6_CLOTH
T6_BAG_FW_BONUS_YIELD,,8,T6_LEATHER
T6_BAG_FW_BONUS_YIELD,,1,T6_BAG_FW_YIELD_BP
T6_BAG_FW_BONUS_YIELD,,10,T1_FACTION_FOREST_TOKEN_1
T6_BAG_FW_BONUS_YIELD,,10,T1_FACTION_HIGHLAND_TOKEN_1
T6_BAG_FW_BONUS_YIELD,,10,T1_FACTION_STEPPE_TOKEN_1
T6_BAG_FW_BONUS_YIELD,,10,T1_FACTION_MOUNTAIN_TOKEN_1
T6_BAG_FW_BONUS_YIELD,,10,T1_FACTION_SWAMP_TOKEN_1
T6_BAG_FW_BONUS_YIELD,,,
T7_BAG_FW_BONUS_YIELD,,8,T7_CLOTH
T7_BAG_FW_BONUS_YIELD,,8,T7_LEATHER
T7_BAG_FW_BONUS_YIELD,,1,T7_BAG_FW_YIELD_BP
T7_BAG_FW_BONUS_YIELD,,10,T1_FACTION_FOREST_TOKEN_1
T7_BAG_FW_BONUS_YIELD,,10,T1_FACTION_HIGHLAND_TOKEN_1
T7_BAG_FW_BONUS_YIELD,,10,T1_FACTION_STEPPE_TOKEN_1
T7_BAG_FW_BONUS_YIELD,,10,T1_FACTION_MOUNTAIN_TOKEN_1
T7_BAG_FW_BONUS_YIELD,,10,T1_FACTION_SWAMP_TOKEN_1
T7_BAG_FW_BONUS_YIELD,,,
T8_BAG_FW_BONUS_YIELD,,8,T8_CLOTH
T8_BAG_FW_BONUS_YIELD,,8,T8_LEATHER
T8_BAG_FW_BONUS_YIELD,,1,T8_BAG_FW_YIELD_BP
T8_BAG_FW_BONUS_YIELD,,10,T1_FACTION_FOREST_TOKEN_1
T8_BAG_FW_BONUS_YIELD,,10,T1_FACTION_HIGHLAND_TOKEN_1
T8_BAG_FW_BONUS_YIELD,,10,T1_FACTION_STEPPE_TOKEN_1
T8_BAG_FW_BONUS_YIELD,,10,T1_FACTION_MOUNTAIN_TOKEN_1
T8_BAG_FW_BONUS_YIELD,,10,T1_FACTION_SWAMP_TOKEN_1
T8_BAG_FW_BONUS_YIELD,,,
T4_BAG_FW_BONUS_SILVER,,8,T4_CLOTH
T4_BAG_FW_BONUS_SILVER,,8,T4_LEATHER
T4_BAG_FW_BONUS_SILVER,,1,T4_BAG_FW_SILVER_BP
T4_BAG_FW_BONUS_SILVER,,10,T1_FACTION_FOREST_TOKEN_1
T4_BAG_FW_BONUS_SILVER,,10,T1_FACTION_HIGHLAND_TOKEN_1
T4_BAG_FW_BONUS_SILVER,,10,T1_FACTION_STEPPE_TOKEN_1
T4_BAG_FW_BONUS_SILVER,,10,T1_FACTION_MOUNTAIN_TOKEN_1
T4_BAG_FW_BONUS_SILVER,,10,T1_FACTION_SWAMP_TOKEN_1
T4_BAG_FW_BONUS_SILVER,,,
T5_BAG_FW_BONUS_SILVER,,8,T5_CLOTH
T5_BAG_FW_BONUS_SILVER,,8,T5_LEATHER
T5_BAG_FW_BONUS_SILVER,,1,T5_BAG_FW_SILVER_BP
T5_BAG_FW_BONUS_SILVER,,10,T1_FACTION_FOREST_TOKEN_1
T5_BAG_FW_BONUS_SILVER,,10,T1_FACTION_HIGHLAND_TOKEN_1
T5_BAG_FW_BONUS_SILVER,,10,T1_FACTION_STEPPE_TOKEN_1
T5_BAG_FW_BONUS_SILVER,,10,T1_FACTION_MOUNTAIN_TOKEN_1
T5_BAG_FW_BONUS_SILVER,,10,T1_FACTION_SWAMP_TOKEN_1
T5_BAG_FW_BONUS_SILVER,,,
T6_BAG_FW_BONUS_SILVER,,8,T6_CLOTH
T6_BAG_FW_BONUS_SILVER,,8,T6_LEATHER
T6_BAG_FW_BONUS_SILVER,,1,T6_BAG_FW_SILVER_BP
T6_BAG_FW_BONUS_SILVER,,10,T1_FACTION_FOREST_TOKEN_1
T6_BAG_FW_BONUS_SILVER,,10,T1_FACTION_HIGHLAND_TOKEN_1
T6_BAG_FW_BONUS_SILVER,,10,T1_FACTION_STEPPE_TOKEN_1
T6_BAG_FW_BONUS_SILVER,,10,T1_FACTION_MOUNTAIN_TOKEN_1
T6_BAG_FW_BONUS_SILVER,,10,T1_FACTION_SWAMP_TOKEN_1
T6_BAG_FW_BONUS_SILVER,,,
T7_BAG_FW_BONUS_SILVER,,8,T7_CLOTH
T7_BAG_FW_BONUS_SILVER,,8,T7_LEATHER
T7_BAG_FW_BONUS_SILVER,,1,T7_BAG_FW_SILVER_BP
T7_BAG_FW_BONUS_SILVER,,10,T1_FACTION_FOREST_TOKEN_1
T7_BAG_FW_BONUS_SILVER,,10,T1_FACTION_HIGHLAND_TOKEN_1
T7_BAG_FW_BONUS_SILVER,,10,T1_FACTION_STEPPE_TOKEN_1
T7_BAG_FW_BONUS_SILVER,,10,T1_FACTION_MOUNTAIN_TOKEN_1
T7_BAG_FW_BONUS_SILVER,,10,T1_FACTION_SWAMP_TOKEN_1
T7_BAG_FW_BONUS_SILVER,,,
T8_BAG_FW_BONUS_SILVER,,8,T8_CLOTH
T8_BAG_FW_BONUS_SILVER,,8,T8_LEATHER
T8_BAG_FW_BONUS_SILVER,,1,T8_BAG_FW_SILVER_BP
T8_BAG_FW_BONUS_SILVER,,10,T1_FACTION_FOREST_TOKEN_1
T8_BAG_FW_BONUS_SILVER,,10,T1_FACTION_HIGHLAND_TOKEN_1
T8_BAG_FW_BONUS_SILVER,,10,T1_FACTION_STEPPE_TOKEN_1
T8_BAG_FW_BONUS_SILVER,,10,T1_FACTION_MOUNTAIN_TOKEN_1
T8_BAG_FW_BONUS_SILVER,,10,T1_FACTION_SWAMP_TOKEN_1
T8_BAG_FW_BONUS_SILVER,,,
UNIQUE_CAPE_TELLAFRIEND,,4,T2_CLOTH
UNIQUE_CAPE_TELLAFRIEND,,4,T2_LEATHER
UNIQUE_CAPE_TELLAFRIEND_02,,4,T2_CLOTH
UNIQUE_CAPE_TELLAFRIEND_02,,4,T2_LEATHER
UNIQUE_CAPE_TELLAFRIEND_BATRIDER,,4,T2_CLOTH
UNIQUE_CAPE_TELLAFRIEND_BATRIDER,,4,T2_LEATHER
UNIQUE_CAPE_TELLAFRIEND_BANNER,,4,T3_CLOTH
UNIQUE_CAPE_TELLAFRIEND_BANNER,,4,T3_LEATHER
UNIQUE_CAPE_TELLAFRIEND_BANNER_02,,4,T3_CLOTH
UNIQUE_CAPE_TELLAFRIEND_BANNER_02,,4,T3_LEATHER
UNIQUE_CAPE_TOAD_TELLAFRIEND,,4,T3_CLOTH
UNIQUE_CAPE_TOAD_TELLAFRIEND,,4,T3_LEATHER
UNIQUE_CAPE_BLOODHOUND_TELLAFRIEND,,4,T3_CLOTH
UNIQUE_CAPE_BLOODHOUND_TELLAFRIEND,,4,T3_LEATHER
UNIQUE_CAPE_TIGER_TELLAFRIEND,,4,T3_CLOTH
UNIQUE_CAPE_TIGER_TELLAFRIEND,,4,T3_LEATHER
UNIQUE_CAPE_RAM_TELLAFRIEND,,4,T3_CLOTH
UNIQUE_CAPE_RAM_TELLAFRIEND,,4,T3_LEATHER
UNIQUE_CAPE_WOLF_GREY_TELLAFRIEND,,4,T3_CLOTH
UNIQUE_CAPE_WOLF_GREY_TELLAFRIEND,,4,T3_LEATHER
T2_BAG,,12,T2_CLOTH
T2_BAG,,12,T2_LEATHER
T2_BAG,,,
T3_BAG,,8,T3_CLOTH
T3_BAG,,8,T3_LEATHER
T3_BAG,,,
T4_BAG,,8,T4_CLOTH
T4_BAG,,8,T4_LEATHER
T4_BAG,,,
T5_BAG,,8,T5_CLOTH
T5_BAG,,8,T5_LEATHER
T5_BAG,,,
T6_BAG,,8,T6_CLOTH
T6_BAG,,8,T6_LEATHER
T6_BAG,,,
T7_BAG,,8,T7_CLOTH
T7_BAG,,8,T7_LEATHER
T7_BAG,,,
T8_BAG,,8,T8_CLOTH
T8_BAG,,8,T8_LEATHER
T8_BAG,,,
T6_CAPE_PLATE_UNDEAD,,4,T6_CLOTH
T6_CAPE_PLATE_UNDEAD,,4,T6_LEATHER
T6_CAPE_LEATHER_UNDEAD,,4,T6_CLOTH
T6_CAPE_LEATHER_UNDEAD,,4,T6_LEATHER
T6_CAPE_CLOTH_UNDEAD,,4,T6_CLOTH
T6_CAPE_CLOTH_UNDEAD,,4,T6_LEATHER
T6_CAPE_PLATE_KEEPER,,4,T6_CLOTH
T6_CAPE_PLATE_KEEPER,,4,T6_LEATHER
T6_CAPE_LEATHER_KEEPER,,4,T6_CLOTH
T6_CAPE_LEATHER_KEEPER,,4,T6_LEATHER
T6_CAPE_CLOTH_KEEPER,,4,T6_CLOTH
T6_CAPE_CLOTH_KEEPER,,4,T6_LEATHER
T6_CAPE_PLATE_MORGANA,,4,T6_CLOTH
T6_CAPE_PLATE_MORGANA,,4,T6_LEATHER
T6_CAPE_LEATHER_MORGANA,,4,T6_CLOTH
T6_CAPE_LEATHER_MORGANA,,4,T6_LEATHER
T6_CAPE_CLOTH_MORGANA,,4,T6_CLOTH
T6_CAPE_CLOTH_MORGANA,,4,T6_LEATHER
UNIQUE_CAPE_FOUNDER_LEGENDARY,,4,T3_CLOTH
UNIQUE_CAPE_FOUNDER_LEGENDARY,,4,T3_LEATHER
UNIQUE_HEAD_FOUNDER_LEGENDARY,,8,T3_LEATHER
UNIQUE_HEAD_FOUNDER_LEGENDARY,,,
UNIQUE_ARMOR_FOUNDER_LEGENDARY,,16,T3_LEATHER
UNIQUE_ARMOR_FOUNDER_LEGENDARY,,,
UNIQUE_SHOES_FOUNDER_LEGENDARY,,8,T3_LEATHER
UNIQUE_SHOES_FOUNDER_LEGENDARY,,,
UNIQUE_HEAD_FOUNDER_ELITE,,8,T2_LEATHER
UNIQUE_HEAD_FOUNDER_ELITE,,,
UNIQUE_ARMOR_FOUNDER_ELITE,,16,T2_LEATHER
UNIQUE_ARMOR_FOUNDER_ELITE,,,
UNIQUE_SHOES_FOUNDER_ELITE,,8,T2_LEATHER
UNIQUE_SHOES_FOUNDER_ELITE,,,
UNIQUE_CAPE_STARTERPACK_LEGENDARY,,4,T3_CLOTH
UNIQUE_CAPE_STARTERPACK_LEGENDARY,,4,T3_LEATHER
UNIQUE_HEAD_STARTERPACK_LEGENDARY,,8,T3_METALBAR
UNIQUE_HEAD_STARTERPACK_LEGENDARY,,,
UNIQUE_ARMOR_STARTERPACK_LEGENDARY,,16,T3_METALBAR
UNIQUE_ARMOR_STARTERPACK_LEGENDARY,,,
UNIQUE_SHOES_STARTERPACK_LEGENDARY,,8,T3_METALBAR
UNIQUE_SHOES_STARTERPACK_LEGENDARY,,,
UNIQUE_HEAD_STARTERPACK_ELITE,,8,T2_LEATHER
UNIQUE_HEAD_STARTERPACK_ELITE,,,
UNIQUE_ARMOR_STARTERPACK_ELITE,,16,T2_LEATHER
UNIQUE_ARMOR_STARTERPACK_ELITE,,,
UNIQUE_SHOES_STARTERPACK_ELITE,,8,T2_LEATHER
UNIQUE_SHOES_STARTERPACK_ELITE,,,
UNIQUE_VANITY_MAIN_BEERMUG_TELLAFRIEND,,,
UNIQUE_VANITY_MAIN_HORN_TELLAFRIEND,,,
UNIQUE_VANITY_MAIN_FOXCROP_TELLAFRIEND,,20,T4_PLANKS
UNIQUE_VANITY_MAIN_FOXCROP_TELLAFRIEND,,12,T4_METALBAR
UNIQUE_VANITY_MAIN_FOXCROP_TELLAFRIEND,,,
UNIQUE_VANITY_MAIN_TRUMPET_TELLAFRIEND,,,
UNIQUE_HEAD_VANITY_ARENA_SET_01,,20,QUESTITEM_TOKEN_ARENA_UNRANKED
UNIQUE_ARMOR_VANITY_ARENA_SET_01,,40,QUESTITEM_TOKEN_ARENA_UNRANKED
UNIQUE_SHOES_VANITY_ARENA_SET_01,,20,QUESTITEM_TOKEN_ARENA_UNRANKED
UNIQUE_CAPE_VANITY_ARENA_SET_01,,20,QUESTITEM_TOKEN_ARENA_UNRANKED
UNIQUE_HEAD_VANITY_ARENA_EYEPATCH,,15,QUESTITEM_TOKEN_ARENA_UNRANKED
T4_CAPE_ARENA_BANNER,,1,T4_CAPE
T4_CAPE_ARENA_BANNER,,30,QUESTITEM_TOKEN_ARENA_UNRANKED
T6_CAPE_ARENA_BANNER,,1,T6_CAPE
T6_CAPE_ARENA_BANNER,,150,QUESTITEM_TOKEN_ARENA_UNRANKED
T8_CAPE_ARENA_BANNER,,1,T8_CAPE
T8_CAPE_ARENA_BANNER,,750,QUESTITEM_TOKEN_ARENA_UNRANKED
UNIQUE_HEAD_VANITY_JESTER,,8,T2_LEATHER
UNIQUE_ARMOR_VANITY_JESTER,,16,T2_LEATHER
UNIQUE_SHOES_VANITY_JESTER,,8,T2_LEATHER
UNIQUE_HEAD_VANITY_DRESS_RED,,33,UNIQUE_CONSUMABLE_EVENT_WINTER_2017
UNIQUE_ARMOR_VANITY_DRESS_RED,,44,UNIQUE_CONSUMABLE_EVENT_WINTER_2017
UNIQUE_SHOES_VANITY_DRESS_RED,,33,UNIQUE_CONSUMABLE_EVENT_WINTER_2017
UNIQUE_HEAD_VANITY_DRESS_BLACK,,8,T2_LEATHER
UNIQUE_ARMOR_VANITY_DRESS_BLACK,,16,T2_LEATHER
UNIQUE_SHOES_VANITY_DRESS_BLACK,,8,T2_LEATHER
UNIQUE_HEAD_VANITY_DRESS_BLUE,,8,T2_LEATHER
UNIQUE_ARMOR_VANITY_DRESS_BLUE,,16,T2_LEATHER
UNIQUE_SHOES_VANITY_DRESS_BLUE,,8,T2_LEATHER
UNIQUE_HEAD_VANITY_RICH_NOBLE,,220,UNIQUE_CONSUMABLE_EVENT_WINTER_2017
UNIQUE_ARMOR_VANITY_RICH_NOBLE,,275,UNIQUE_CONSUMABLE_EVENT_WINTER_2017
UNIQUE_SHOES_VANITY_RICH_NOBLE,,165,UNIQUE_CONSUMABLE_EVENT_WINTER_2017
UNIQUE_HEAD_VANITY_SANTACLAUS,,220,UNIQUE_CONSUMABLE_EVENT_WINTER_2017
UNIQUE_ARMOR_VANITY_SANTACLAUS,,275,UNIQUE_CONSUMABLE_EVENT_WINTER_2017
UNIQUE_SHOES_VANITY_SANTACLAUS,,165,UNIQUE_CONSUMABLE_EVENT_WINTER_2017
UNIQUE_BACKPACK_VANITY_SANTACLAUS,,110,UNIQUE_CONSUMABLE_EVENT_WINTER_2017
UNIQUE_HEAD_VANITY_WEDDING_DRESS,,,
UNIQUE_ARMOR_VANITY_WEDDING_DRESS,,,
UNIQUE_SHOES_VANITY_WEDDING_DRESS,,,
UNIQUE_OFF_VANITY_WEDDING_DRESS,,,
UNIQUE_HEAD_VANITY_WEDDING_TUXEDO,,,
UNIQUE_ARMOR_VANITY_WEDDING_TUXEDO,,,
UNIQUE_SHOES_VANITY_WEDDING_TUXEDO,,,
UNIQUE_CAPE_VANITY_WEDDING_TUXEDO,,,
UNIQUE_OFF_VANITY_WEDDING_TUXEDO,,,
UNIQUE_HEAD_VANITY_BARD,,8,T2_LEATHER
UNIQUE_ARMOR_VANITY_BARD,,16,T2_LEATHER
UNIQUE_SHOES_VANITY_BARD,,8,T2_LEATHER
UNIQUE_HEAD_VANITY_PRIEST,,8,T2_LEATHER
UNIQUE_ARMOR_VANITY_PRIEST,,16,T2_LEATHER
UNIQUE_SHOES_VANITY_PRIEST,,8,T2_LEATHER
UNIQUE_OFF_VANITY_PRIEST,,20,QUESTITEM_TOKEN_ARENA_UNRANKED
UNIQUE_HEAD_VANITY_INNKEEPER,,8,T2_LEATHER
UNIQUE_ARMOR_VANITY_INNKEEPER,,16,T2_LEATHER
UNIQUE_SHOES_VANITY_INNKEEPER,,8,T2_LEATHER
UNIQUE_OFF_VANITY_INNKEEPER,,20,QUESTITEM_TOKEN_ARENA_UNRANKED
UNIQUE_HEAD_VANITY_PIRATE,,,
UNIQUE_ARMOR_VANITY_PIRATE,,,
UNIQUE_SHOES_VANITY_PIRATE,,,
UNIQUE_OFF_VANITY_PIRATE,,,
UNIQUE_HEAD_TELLAFRIEND_BATRIDER,,,
UNIQUE_HEAD_VANITY_EASTER_WHITE,,40000,QUESTITEM_TOKEN_EVENT_EASTER_2018
UNIQUE_HEAD_VANITY_EASTER_WHITE,,,
UNIQUE_HEAD_VANITY_EASTER_BROWN,,5000,QUESTITEM_TOKEN_EVENT_EASTER_2018
UNIQUE_HEAD_VANITY_EASTER_BROWN,,,
UNIQUE_ARMOR_VANITY_EASTER,,3000,QUESTITEM_TOKEN_EVENT_EASTER_2018
UNIQUE_SHOES_VANITY_EASTER,,1000,QUESTITEM_TOKEN_EVENT_EASTER_2018
UNIQUE_BACKPACK_VANITY_EASTER,,1,T3_CAPE
UNIQUE_BACKPACK_VANITY_EASTER,,500,QUESTITEM_TOKEN_EVENT_EASTER_2018
UNIQUE_HEAD_VANITY_PLAGUEDOC,,30,QUESTITEM_TOKEN_EVENT_HALLOWEEN_2017
UNIQUE_ARMOR_VANITY_PLAGUEDOC,,40,QUESTITEM_TOKEN_EVENT_HALLOWEEN_2017
UNIQUE_SHOES_VANITY_PLAGUEDOC,,30,QUESTITEM_TOKEN_EVENT_HALLOWEEN_2017
UNIQUE_HEAD_VANITY_SKELETON,,250,QUESTITEM_TOKEN_EVENT_HALLOWEEN_2017
UNIQUE_HEAD_VANITY_SKELETON,,,
UNIQUE_ARMOR_VANITY_SKELETON,,200,QUESTITEM_TOKEN_EVENT_HALLOWEEN_2017
UNIQUE_SHOES_VANITY_SKELETON,,150,QUESTITEM_TOKEN_EVENT_HALLOWEEN_2017
UNIQUE_CAPE_VANITY_SKELETON,,1,T3_CAPE
UNIQUE_CAPE_VANITY_SKELETON,,100,QUESTITEM_TOKEN_EVENT_HALLOWEEN_2017
UNIQUE_HEAD_VANITY_PUMPKIN_01,,40,QUESTITEM_TOKEN_EVENT_HALLOWEEN_2017
UNIQUE_HEAD_VANITY_PUMPKIN_02,,40,QUESTITEM_TOKEN_EVENT_HALLOWEEN_2017
UNIQUE_HEAD_VANITY_PUMPKIN_03,,40,QUESTITEM_TOKEN_EVENT_HALLOWEEN_2017
UNIQUE_HEAD_XMAS,,8,T3_LEATHER
UNIQUE_HEAD_XMAS,,,
UNIQUE_INTERNAL_HEAD_GAMEMASTER,,8,T3_LEATHER
UNIQUE_INTERNAL_HEAD_GAMEMASTER,,,
UNIQUE_INTERNAL_ARMOR_GAMEMASTER,,16,T3_LEATHER
UNIQUE_INTERNAL_ARMOR_GAMEMASTER,,,
UNIQUE_INTERNAL_SHOES_GAMEMASTER,,8,T3_LEATHER
UNIQUE_INTERNAL_SHOES_GAMEMASTER,,,
UNIQUE_INTERNAL_OFF_SCROLL_GAMEMASTER,,4,T4_PLANKS
UNIQUE_INTERNAL_OFF_SCROLL_GAMEMASTER,,4,T4_CLOTH
T2_HEAD_PLATE_SET1,,8,T2_METALBAR
T2_HEAD_PLATE_SET1,,,
T3_HEAD_PLATE_SET1,,8,T3_METALBAR
T3_HEAD_PLATE_SET1,,,
T4_HEAD_PLATE_SET1,,8,T4_METALBAR
T4_HEAD_PLATE_SET1,,,
T5_HEAD_PLATE_SET1,,8,T5_METALBAR
T5_HEAD_PLATE_SET1,,,
T6_HEAD_PLATE_SET1,,8,T6_METALBAR
T6_HEAD_PLATE_SET1,,,
T7_HEAD_PLATE_SET1,,8,T7_METALBAR
T7_HEAD_PLATE_SET1,,,
T8_HEAD_PLATE_SET1,,8,T8_METALBAR
T8_HEAD_PLATE_SET1,,,
T2_ARMOR_PLATE_SET1,,16,T2_METALBAR
T2_ARMOR_PLATE_SET1,,,
T3_ARMOR_PLATE_SET1,,16,T3_METALBAR
T3_ARMOR_PLATE_SET1,,,
T4_ARMOR_PLATE_SET1,,16,T4_METALBAR
T4_ARMOR_PLATE_SET1,,,
T5_ARMOR_PLATE_SET1,,16,T5_METALBAR
T5_ARMOR_PLATE_SET1,,,
T6_ARMOR_PLATE_SET1,,16,T6_METALBAR
T6_ARMOR_PLATE_SET1,,,
T7_ARMOR_PLATE_SET1,,16,T7_METALBAR
T7_ARMOR_PLATE_SET1,,,
T8_ARMOR_PLATE_SET1,,16,T8_METALBAR
T8_ARMOR_PLATE_SET1,,,
T2_SHOES_PLATE_SET1,,8,T2_METALBAR
T2_SHOES_PLATE_SET1,,,
T3_SHOES_PLATE_SET1,,8,T3_METALBAR
T3_SHOES_PLATE_SET1,,,
T4_SHOES_PLATE_SET1,,8,T4_METALBAR
T4_SHOES_PLATE_SET1,,,
T5_SHOES_PLATE_SET1,,8,T5_METALBAR
T5_SHOES_PLATE_SET1,,,
T6_SHOES_PLATE_SET1,,8,T6_METALBAR
T6_SHOES_PLATE_SET1,,,
T7_SHOES_PLATE_SET1,,8,T7_METALBAR
T7_SHOES_PLATE_SET1,,,
T8_SHOES_PLATE_SET1,,8,T8_METALBAR
T8_SHOES_PLATE_SET1,,,
T4_HEAD_PLATE_SET2,,8,T4_METALBAR
T4_HEAD_PLATE_SET2,,,
T5_HEAD_PLATE_SET2,,8,T5_METALBAR
T5_HEAD_PLATE_SET2,,,
T6_HEAD_PLATE_SET2,,8,T6_METALBAR
T6_HEAD_PLATE_SET2,,,
T7_HEAD_PLATE_SET2,,8,T7_METALBAR
T7_HEAD_PLATE_SET2,,,
T8_HEAD_PLATE_SET2,,8,T8_METALBAR
T8_HEAD_PLATE_SET2,,,
T4_ARMOR_PLATE_SET2,,16,T4_METALBAR
T4_ARMOR_PLATE_SET2,,,
T5_ARMOR_PLATE_SET2,,16,T5_METALBAR
T5_ARMOR_PLATE_SET2,,,
T6_ARMOR_PLATE_SET2,,16,T6_METALBAR
T6_ARMOR_PLATE_SET2,,,
T7_ARMOR_PLATE_SET2,,16,T7_METALBAR
T7_ARMOR_PLATE_SET2,,,
T8_ARMOR_PLATE_SET2,,16,T8_METALBAR
T8_ARMOR_PLATE_SET2,,,
T4_SHOES_PLATE_SET2,,8,T4_METALBAR
T4_SHOES_PLATE_SET2,,,
T5_SHOES_PLATE_SET2,,8,T5_METALBAR
T5_SHOES_PLATE_SET2,,,
T6_SHOES_PLATE_SET2,,8,T6_METALBAR
T6_SHOES_PLATE_SET2,,,
T7_SHOES_PLATE_SET2,,8,T7_METALBAR
T7_SHOES_PLATE_SET2,,,
T8_SHOES_PLATE_SET2,,8,T8_METALBAR
T8_SHOES_PLATE_SET2,,,
T4_HEAD_PLATE_SET3,,8,T4_METALBAR
T4_HEAD_PLATE_SET3,,,
T5_HEAD_PLATE_SET3,,8,T5_METALBAR
T5_HEAD_PLATE_SET3,,,
T6_HEAD_PLATE_SET3,,8,T6_METALBAR
T6_HEAD_PLATE_SET3,,,
T7_HEAD_PLATE_SET3,,8,T7_METALBAR
T7_HEAD_PLATE_SET3,,,
T8_HEAD_PLATE_SET3,,8,T8_METALBAR
T8_HEAD_PLATE_SET3,,,
T4_ARMOR_PLATE_SET3,,16,T4_METALBAR
T4_ARMOR_PLATE_SET3,,,
T5_ARMOR_PLATE_SET3,,16,T5_METALBAR
T5_ARMOR_PLATE_SET3,,,
T6_ARMOR_PLATE_SET3,,16,T6_METALBAR
T6_ARMOR_PLATE_SET3,,,
T7_ARMOR_PLATE_SET3,,16,T7_METALBAR
T7_ARMOR_PLATE_SET3,,,
T8_ARMOR_PLATE_SET3,,16,T8_METALBAR
T8_ARMOR_PLATE_SET3,,,
T4_SHOES_PLATE_SET3,,8,T4_METALBAR
T4_SHOES_PLATE_SET3,,,
T5_SHOES_PLATE_SET3,,8,T5_METALBAR
T5_SHOES_PLATE_SET3,,,
T6_SHOES_PLATE_SET3,,8,T6_METALBAR
T6_SHOES_PLATE_SET3,,,
T7_SHOES_PLATE_SET3,,8,T7_METALBAR
T7_SHOES_PLATE_SET3,,,
T8_SHOES_PLATE_SET3,,8,T8_METALBAR
T8_SHOES_PLATE_SET3,,,
T4_HEAD_PLATE_UNDEAD,,8,T4_METALBAR
T4_HEAD_PLATE_UNDEAD,,1,T4_ARTEFACT_HEAD_PLATE_UNDEAD
T4_HEAD_PLATE_UNDEAD,,,
T5_HEAD_PLATE_UNDEAD,,8,T5_METALBAR
T5_HEAD_PLATE_UNDEAD,,1,T5_ARTEFACT_HEAD_PLATE_UNDEAD
T5_HEAD_PLATE_UNDEAD,,,
T6_HEAD_PLATE_UNDEAD,,8,T6_METALBAR
T6_HEAD_PLATE_UNDEAD,,1,T6_ARTEFACT_HEAD_PLATE_UNDEAD
T6_HEAD_PLATE_UNDEAD,,,
T7_HEAD_PLATE_UNDEAD,,8,T7_METALBAR
T7_HEAD_PLATE_UNDEAD,,1,T7_ARTEFACT_HEAD_PLATE_UNDEAD
T7_HEAD_PLATE_UNDEAD,,,
T8_HEAD_PLATE_UNDEAD,,8,T8_METALBAR
T8_HEAD_PLATE_UNDEAD,,1,T8_ARTEFACT_HEAD_PLATE_UNDEAD
T8_HEAD_PLATE_UNDEAD,,,
T4_ARMOR_PLATE_UNDEAD,,16,T4_METALBAR
T4_ARMOR_PLATE_UNDEAD,,1,T4_ARTEFACT_ARMOR_PLATE_UNDEAD
T4_ARMOR_PLATE_UNDEAD,,,
T5_ARMOR_PLATE_UNDEAD,,16,T5_METALBAR
T5_ARMOR_PLATE_UNDEAD,,1,T5_ARTEFACT_ARMOR_PLATE_UNDEAD
T5_ARMOR_PLATE_UNDEAD,,,
T6_ARMOR_PLATE_UNDEAD,,16,T6_METALBAR
T6_ARMOR_PLATE_UNDEAD,,1,T6_ARTEFACT_ARMOR_PLATE_UNDEAD
T6_ARMOR_PLATE_UNDEAD,,,
T7_ARMOR_PLATE_UNDEAD,,16,T7_METALBAR
T7_ARMOR_PLATE_UNDEAD,,1,T7_ARTEFACT_ARMOR_PLATE_UNDEAD
T7_ARMOR_PLATE_UNDEAD,,,
T8_ARMOR_PLATE_UNDEAD,,16,T8_METALBAR
T8_ARMOR_PLATE_UNDEAD,,1,T8_ARTEFACT_ARMOR_PLATE_UNDEAD
T8_ARMOR_PLATE_UNDEAD,,,
T4_SHOES_PLATE_UNDEAD,,8,T4_METALBAR
T4_SHOES_PLATE_UNDEAD,,1,T4_ARTEFACT_SHOES_PLATE_UNDEAD
T4_SHOES_PLATE_UNDEAD,,,
T5_SHOES_PLATE_UNDEAD,,8,T5_METALBAR
T5_SHOES_PLATE_UNDEAD,,1,T5_ARTEFACT_SHOES_PLATE_UNDEAD
T5_SHOES_PLATE_UNDEAD,,,
T6_SHOES_PLATE_UNDEAD,,8,T6_METALBAR
T6_SHOES_PLATE_UNDEAD,,1,T6_ARTEFACT_SHOES_PLATE_UNDEAD
T6_SHOES_PLATE_UNDEAD,,,
T7_SHOES_PLATE_UNDEAD,,8,T7_METALBAR
T7_SHOES_PLATE_UNDEAD,,1,T7_ARTEFACT_SHOES_PLATE_UNDEAD
T7_SHOES_PLATE_UNDEAD,,,
T8_SHOES_PLATE_UNDEAD,,8,T8_METALBAR
T8_SHOES_PLATE_UNDEAD,,1,T8_ARTEFACT_SHOES_PLATE_UNDEAD
T8_SHOES_PLATE_UNDEAD,,,
T4_HEAD_PLATE_HELL,,8,T4_METALBAR
T4_HEAD_PLATE_HELL,,1,T4_ARTEFACT_HEAD_PLATE_HELL
T4_HEAD_PLATE_HELL,,,
T5_HEAD_PLATE_HELL,,8,T5_METALBAR
T5_HEAD_PLATE_HELL,,1,T5_ARTEFACT_HEAD_PLATE_HELL
T5_HEAD_PLATE_HELL,,,
T6_HEAD_PLATE_HELL,,8,T6_METALBAR
T6_HEAD_PLATE_HELL,,1,T6_ARTEFACT_HEAD_PLATE_HELL
T6_HEAD_PLATE_HELL,,,
T7_HEAD_PLATE_HELL,,8,T7_METALBAR
T7_HEAD_PLATE_HELL,,1,T7_ARTEFACT_HEAD_PLATE_HELL
T7_HEAD_PLATE_HELL,,,
T8_HEAD_PLATE_HELL,,8,T8_METALBAR
T8_HEAD_PLATE_HELL,,1,T8_ARTEFACT_HEAD_PLATE_HELL
T8_HEAD_PLATE_HELL,,,
T4_ARMOR_PLATE_HELL,,16,T4_METALBAR
T4_ARMOR_PLATE_HELL,,1,T4_ARTEFACT_ARMOR_PLATE_HELL
T4_ARMOR_PLATE_HELL,,,
T5_ARMOR_PLATE_HELL,,16,T5_METALBAR
T5_ARMOR_PLATE_HELL,,1,T5_ARTEFACT_ARMOR_PLATE_HELL
T5_ARMOR_PLATE_HELL,,,
T6_ARMOR_PLATE_HELL,,16,T6_METALBAR
T6_ARMOR_PLATE_HELL,,1,T6_ARTEFACT_ARMOR_PLATE_HELL
T6_ARMOR_PLATE_HELL,,,
T7_ARMOR_PLATE_HELL,,16,T7_METALBAR
T7_ARMOR_PLATE_HELL,,1,T7_ARTEFACT_ARMOR_PLATE_HELL
T7_ARMOR_PLATE_HELL,,,
T8_ARMOR_PLATE_HELL,,16,T8_METALBAR
T8_ARMOR_PLATE_HELL,,1,T8_ARTEFACT_ARMOR_PLATE_HELL
T8_ARMOR_PLATE_HELL,,,
T4_SHOES_PLATE_HELL,,8,T4_METALBAR
T4_SHOES_PLATE_HELL,,1,T4_ARTEFACT_SHOES_PLATE_HELL
T4_SHOES_PLATE_HELL,,,
T5_SHOES_PLATE_HELL,,8,T5_METALBAR
T5_SHOES_PLATE_HELL,,1,T5_ARTEFACT_SHOES_PLATE_HELL
T5_SHOES_PLATE_HELL,,,
T6_SHOES_PLATE_HELL,,8,T6_METALBAR
T6_SHOES_PLATE_HELL,,1,T6_ARTEFACT_SHOES_PLATE_HELL
T6_SHOES_PLATE_HELL,,,
T7_SHOES_PLATE_HELL,,8,T7_METALBAR
T7_SHOES_PLATE_HELL,,1,T7_ARTEFACT_SHOES_PLATE_HELL
T7_SHOES_PLATE_HELL,,,
T8_SHOES_PLATE_HELL,,8,T8_METALBAR
T8_SHOES_PLATE_HELL,,1,T8_ARTEFACT_SHOES_PLATE_HELL
T8_SHOES_PLATE_HELL,,,
T4_HEAD_PLATE_KEEPER,,8,T4_METALBAR
T4_HEAD_PLATE_KEEPER,,1,T4_ARTEFACT_HEAD_PLATE_KEEPER
T4_HEAD_PLATE_KEEPER,,,
T5_HEAD_PLATE_KEEPER,,8,T5_METALBAR
T5_HEAD_PLATE_KEEPER,,1,T5_ARTEFACT_HEAD_PLATE_KEEPER
T5_HEAD_PLATE_KEEPER,,,
T6_HEAD_PLATE_KEEPER,,8,T6_METALBAR
T6_HEAD_PLATE_KEEPER,,1,T6_ARTEFACT_HEAD_PLATE_KEEPER
T6_HEAD_PLATE_KEEPER,,,
T7_HEAD_PLATE_KEEPER,,8,T7_METALBAR
T7_HEAD_PLATE_KEEPER,,1,T7_ARTEFACT_HEAD_PLATE_KEEPER
T7_HEAD_PLATE_KEEPER,,,
T8_HEAD_PLATE_KEEPER,,8,T8_METALBAR
T8_HEAD_PLATE_KEEPER,,1,T8_ARTEFACT_HEAD_PLATE_KEEPER
T8_HEAD_PLATE_KEEPER,,,
T4_ARMOR_PLATE_KEEPER,,16,T4_METALBAR
T4_ARMOR_PLATE_KEEPER,,1,T4_ARTEFACT_ARMOR_PLATE_KEEPER
T4_ARMOR_PLATE_KEEPER,,,
T5_ARMOR_PLATE_KEEPER,,16,T5_METALBAR
T5_ARMOR_PLATE_KEEPER,,1,T5_ARTEFACT_ARMOR_PLATE_KEEPER
T5_ARMOR_PLATE_KEEPER,,,
T6_ARMOR_PLATE_KEEPER,,16,T6_METALBAR
T6_ARMOR_PLATE_KEEPER,,1,T6_ARTEFACT_ARMOR_PLATE_KEEPER
T6_ARMOR_PLATE_KEEPER,,,
T7_ARMOR_PLATE_KEEPER,,16,T7_METALBAR
T7_ARMOR_PLATE_KEEPER,,1,T7_ARTEFACT_ARMOR_PLATE_KEEPER
T7_ARMOR_PLATE_KEEPER,,,
T8_ARMOR_PLATE_KEEPER,,16,T8_METALBAR
T8_ARMOR_PLATE_KEEPER,,1,T8_ARTEFACT_ARMOR_PLATE_KEEPER
T8_ARMOR_PLATE_KEEPER,,,
T4_SHOES_PLATE_KEEPER,,8,T4_METALBAR
T4_SHOES_PLATE_KEEPER,,1,T4_ARTEFACT_SHOES_PLATE_KEEPER
T4_SHOES_PLATE_KEEPER,,,
T5_SHOES_PLATE_KEEPER,,8,T5_METALBAR
T5_SHOES_PLATE_KEEPER,,1,T5_ARTEFACT_SHOES_PLATE_KEEPER
T5_SHOES_PLATE_KEEPER,,,
T6_SHOES_PLATE_KEEPER,,8,T6_METALBAR
T6_SHOES_PLATE_KEEPER,,1,T6_ARTEFACT_SHOES_PLATE_KEEPER
T6_SHOES_PLATE_KEEPER,,,
T7_SHOES_PLATE_KEEPER,,8,T7_METALBAR
T7_SHOES_PLATE_KEEPER,,1,T7_ARTEFACT_SHOES_PLATE_KEEPER
T7_SHOES_PLATE_KEEPER,,,
T8_SHOES_PLATE_KEEPER,,8,T8_METALBAR
T8_SHOES_PLATE_KEEPER,,1,T8_ARTEFACT_SHOES_PLATE_KEEPER
T8_SHOES_PLATE_KEEPER,,,
T1_HEAD_LEATHER_SET1,,4,T1_HIDE
T1_HEAD_LEATHER_SET1,,,
T2_HEAD_LEATHER_SET1,,8,T2_LEATHER
T2_HEAD_LEATHER_SET1,,,
T3_HEAD_LEATHER_SET1,,8,T3_LEATHER
T3_HEAD_LEATHER_SET1,,,
T4_HEAD_LEATHER_SET1,,8,T4_LEATHER
T4_HEAD_LEATHER_SET1,,,
T5_HEAD_LEATHER_SET1,,8,T5_LEATHER
T5_HEAD_LEATHER_SET1,,,
T6_HEAD_LEATHER_SET1,,8,T6_LEATHER
T6_HEAD_LEATHER_SET1,,,
T7_HEAD_LEATHER_SET1,,8,T7_LEATHER
T7_HEAD_LEATHER_SET1,,,
T8_HEAD_LEATHER_SET1,,8,T8_LEATHER
T8_HEAD_LEATHER_SET1,,,
T1_ARMOR_LEATHER_SET1,,8,T1_HIDE
T1_ARMOR_LEATHER_SET1,,,
T2_ARMOR_LEATHER_SET1,,16,T2_LEATHER
T2_ARMOR_LEATHER_SET1,,,
T3_ARMOR_LEATHER_SET1,,16,T3_LEATHER
T3_ARMOR_LEATHER_SET1,,,
T4_ARMOR_LEATHER_SET1,,16,T4_LEATHER
T4_ARMOR_LEATHER_SET1,,,
T5_ARMOR_LEATHER_SET1,,16,T5_LEATHER
T5_ARMOR_LEATHER_SET1,,,
T6_ARMOR_LEATHER_SET1,,16,T6_LEATHER
T6_ARMOR_LEATHER_SET1,,,
T7_ARMOR_LEATHER_SET1,,16,T7_LEATHER
T7_ARMOR_LEATHER_SET1,,,
T8_ARMOR_LEATHER_SET1,,16,T8_LEATHER
T8_ARMOR_LEATHER_SET1,,,
T1_SHOES_LEATHER_SET1,,6,T1_HIDE
T1_SHOES_LEATHER_SET1,,,
T2_SHOES_LEATHER_SET1,,8,T2_LEATHER
T2_SHOES_LEATHER_SET1,,,
T3_SHOES_LEATHER_SET1,,8,T3_LEATHER
T3_SHOES_LEATHER_SET1,,,
T4_SHOES_LEATHER_SET1,,8,T4_LEATHER
T4_SHOES_LEATHER_SET1,,,
T5_SHOES_LEATHER_SET1,,8,T5_LEATHER
T5_SHOES_LEATHER_SET1,,,
T6_SHOES_LEATHER_SET1,,8,T6_LEATHER
T6_SHOES_LEATHER_SET1,,,
T7_SHOES_LEATHER_SET1,,8,T7_LEATHER
T7_SHOES_LEATHER_SET1,,,
T8_SHOES_LEATHER_SET1,,8,T8_LEATHER
T8_SHOES_LEATHER_SET1,,,
T4_HEAD_LEATHER_SET2,,8,T4_LEATHER
T4_HEAD_LEATHER_SET2,,,
T5_HEAD_LEATHER_SET2,,8,T5_LEATHER
T5_HEAD_LEATHER_SET2,,,
T6_HEAD_LEATHER_SET2,,8,T6_LEATHER
T6_HEAD_LEATHER_SET2,,,
T7_HEAD_LEATHER_SET2,,8,T7_LEATHER
T7_HEAD_LEATHER_SET2,,,
T8_HEAD_LEATHER_SET2,,8,T8_LEATHER
T8_HEAD_LEATHER_SET2,,,
T4_ARMOR_LEATHER_SET2,,16,T4_LEATHER
T4_ARMOR_LEATHER_SET2,,,
T5_ARMOR_LEATHER_SET2,,16,T5_LEATHER
T5_ARMOR_LEATHER_SET2,,,
T6_ARMOR_LEATHER_SET2,,16,T6_LEATHER
T6_ARMOR_LEATHER_SET2,,,
T7_ARMOR_LEATHER_SET2,,16,T7_LEATHER
T7_ARMOR_LEATHER_SET2,,,
T8_ARMOR_LEATHER_SET2,,16,T8_LEATHER
T8_ARMOR_LEATHER_SET2,,,
T4_SHOES_LEATHER_SET2,,8,T4_LEATHER
T4_SHOES_LEATHER_SET2,,,
T5_SHOES_LEATHER_SET2,,8,T5_LEATHER
T5_SHOES_LEATHER_SET2,,,
T6_SHOES_LEATHER_SET2,,8,T6_LEATHER
T6_SHOES_LEATHER_SET2,,,
T7_SHOES_LEATHER_SET2,,8,T7_LEATHER
T7_SHOES_LEATHER_SET2,,,
T8_SHOES_LEATHER_SET2,,8,T8_LEATHER
T8_SHOES_LEATHER_SET2,,,
T4_HEAD_LEATHER_SET3,,8,T4_LEATHER
T4_HEAD_LEATHER_SET3,,,
T5_HEAD_LEATHER_SET3,,8,T5_LEATHER
T5_HEAD_LEATHER_SET3,,,
T6_HEAD_LEATHER_SET3,,8,T6_LEATHER
T6_HEAD_LEATHER_SET3,,,
T7_HEAD_LEATHER_SET3,,8,T7_LEATHER
T7_HEAD_LEATHER_SET3,,,
T8_HEAD_LEATHER_SET3,,8,T8_LEATHER
T8_HEAD_LEATHER_SET3,,,
T4_ARMOR_LEATHER_SET3,,16,T4_LEATHER
T4_ARMOR_LEATHER_SET3,,,
T5_ARMOR_LEATHER_SET3,,16,T5_LEATHER
T5_ARMOR_LEATHER_SET3,,,
T6_ARMOR_LEATHER_SET3,,16,T6_LEATHER
T6_ARMOR_LEATHER_SET3,,,
T7_ARMOR_LEATHER_SET3,,16,T7_LEATHER
T7_ARMOR_LEATHER_SET3,,,
T8_ARMOR_LEATHER_SET3,,16,T8_LEATHER
T8_ARMOR_LEATHER_SET3,,,
T4_SHOES_LEATHER_SET3,,8,T4_LEATHER
T4_SHOES_LEATHER_SET3,,,
T5_SHOES_LEATHER_SET3,,8,T5_LEATHER
T5_SHOES_LEATHER_SET3,,,
T6_SHOES_LEATHER_SET3,,8,T6_LEATHER
T6_SHOES_LEATHER_SET3,,,
T7_SHOES_LEATHER_SET3,,8,T7_LEATHER
T7_SHOES_LEATHER_SET3,,,
T8_SHOES_LEATHER_SET3,,8,T8_LEATHER
T8_SHOES_LEATHER_SET3,,,
T4_HEAD_LEATHER_MORGANA,,8,T4_LEATHER
T4_HEAD_LEATHER_MORGANA,,1,T4_ARTEFACT_HEAD_LEATHER_MORGANA
T4_HEAD_LEATHER_MORGANA,,,
T5_HEAD_LEATHER_MORGANA,,8,T5_LEATHER
T5_HEAD_LEATHER_MORGANA,,1,T5_ARTEFACT_HEAD_LEATHER_MORGANA
T5_HEAD_LEATHER_MORGANA,,,
T6_HEAD_LEATHER_MORGANA,,8,T6_LEATHER
T6_HEAD_LEATHER_MORGANA,,1,T6_ARTEFACT_HEAD_LEATHER_MORGANA
T6_HEAD_LEATHER_MORGANA,,,
T7_HEAD_LEATHER_MORGANA,,8,T7_LEATHER
T7_HEAD_LEATHER_MORGANA,,1,T7_ARTEFACT_HEAD_LEATHER_MORGANA
T7_HEAD_LEATHER_MORGANA,,,
T8_HEAD_LEATHER_MORGANA,,8,T8_LEATHER
T8_HEAD_LEATHER_MORGANA,,1,T8_ARTEFACT_HEAD_LEATHER_MORGANA
T8_HEAD_LEATHER_MORGANA,,,
T4_ARMOR_LEATHER_MORGANA,,16,T4_LEATHER
T4_ARMOR_LEATHER_MORGANA,,1,T4_ARTEFACT_ARMOR_LEATHER_MORGANA
T4_ARMOR_LEATHER_MORGANA,,,
T5_ARMOR_LEATHER_MORGANA,,16,T5_LEATHER
T5_ARMOR_LEATHER_MORGANA,,1,T5_ARTEFACT_ARMOR_LEATHER_MORGANA
T5_ARMOR_LEATHER_MORGANA,,,
T6_ARMOR_LEATHER_MORGANA,,16,T6_LEATHER
T6_ARMOR_LEATHER_MORGANA,,1,T6_ARTEFACT_ARMOR_LEATHER_MORGANA
T6_ARMOR_LEATHER_MORGANA,,,
T7_ARMOR_LEATHER_MORGANA,,16,T7_LEATHER
T7_ARMOR_LEATHER_MORGANA,,1,T7_ARTEFACT_ARMOR_LEATHER_MORGANA
T7_ARMOR_LEATHER_MORGANA,,,
T8_ARMOR_LEATHER_MORGANA,,16,T8_LEATHER
T8_ARMOR_LEATHER_MORGANA,,1,T8_ARTEFACT_ARMOR_LEATHER_MORGANA
T8_ARMOR_LEATHER_MORGANA,,,
T4_SHOES_LEATHER_MORGANA,,8,T4_LEATHER
T4_SHOES_LEATHER_MORGANA,,1,T4_ARTEFACT_SHOES_LEATHER_MORGANA
T4_SHOES_LEATHER_MORGANA,,,
T5_SHOES_LEATHER_MORGANA,,8,T5_LEATHER
T5_SHOES_LEATHER_MORGANA,,1,T5_ARTEFACT_SHOES_LEATHER_MORGANA
T5_SHOES_LEATHER_MORGANA,,,
T6_SHOES_LEATHER_MORGANA,,8,T6_LEATHER
T6_SHOES_LEATHER_MORGANA,,1,T6_ARTEFACT_SHOES_LEATHER_MORGANA
T6_SHOES_LEATHER_MORGANA,,,
T7_SHOES_LEATHER_MORGANA,,8,T7_LEATHER
T7_SHOES_LEATHER_MORGANA,,1,T7_ARTEFACT_SHOES_LEATHER_MORGANA
T7_SHOES_LEATHER_MORGANA,,,
T8_SHOES_LEATHER_MORGANA,,8,T8_LEATHER
T8_SHOES_LEATHER_MORGANA,,1,T8_ARTEFACT_SHOES_LEATHER_MORGANA
T8_SHOES_LEATHER_MORGANA,,,
T4_HEAD_LEATHER_HELL,,8,T4_LEATHER
T4_HEAD_LEATHER_HELL,,1,T4_ARTEFACT_HEAD_LEATHER_HELL
T4_HEAD_LEATHER_HELL,,,
T5_HEAD_LEATHER_HELL,,8,T5_LEATHER
T5_HEAD_LEATHER_HELL,,1,T5_ARTEFACT_HEAD_LEATHER_HELL
T5_HEAD_LEATHER_HELL,,,
T6_HEAD_LEATHER_HELL,,8,T6_LEATHER
T6_HEAD_LEATHER_HELL,,1,T6_ARTEFACT_HEAD_LEATHER_HELL
T6_HEAD_LEATHER_HELL,,,
T7_HEAD_LEATHER_HELL,,8,T7_LEATHER
T7_HEAD_LEATHER_HELL,,1,T7_ARTEFACT_HEAD_LEATHER_HELL
T7_HEAD_LEATHER_HELL,,,
T8_HEAD_LEATHER_HELL,,8,T8_LEATHER
T8_HEAD_LEATHER_HELL,,1,T8_ARTEFACT_HEAD_LEATHER_HELL
T8_HEAD_LEATHER_HELL,,,
T4_ARMOR_LEATHER_HELL,,16,T4_LEATHER
T4_ARMOR_LEATHER_HELL,,1,T4_ARTEFACT_ARMOR_LEATHER_HELL
T4_ARMOR_LEATHER_HELL,,,
T5_ARMOR_LEATHER_HELL,,16,T5_LEATHER
T5_ARMOR_LEATHER_HELL,,1,T5_ARTEFACT_ARMOR_LEATHER_HELL
T5_ARMOR_LEATHER_HELL,,,
T6_ARMOR_LEATHER_HELL,,16,T6_LEATHER
T6_ARMOR_LEATHER_HELL,,1,T6_ARTEFACT_ARMOR_LEATHER_HELL
T6_ARMOR_LEATHER_HELL,,,
T7_ARMOR_LEATHER_HELL,,16,T7_LEATHER
T7_ARMOR_LEATHER_HELL,,1,T7_ARTEFACT_ARMOR_LEATHER_HELL
T7_ARMOR_LEATHER_HELL,,,
T8_ARMOR_LEATHER_HELL,,16,T8_LEATHER
T8_ARMOR_LEATHER_HELL,,1,T8_ARTEFACT_ARMOR_LEATHER_HELL
T8_ARMOR_LEATHER_HELL,,,
T4_SHOES_LEATHER_HELL,,8,T4_LEATHER
T4_SHOES_LEATHER_HELL,,1,T4_ARTEFACT_SHOES_LEATHER_HELL
T4_SHOES_LEATHER_HELL,,,
T5_SHOES_LEATHER_HELL,,8,T5_LEATHER
T5_SHOES_LEATHER_HELL,,1,T5_ARTEFACT_SHOES_LEATHER_HELL
T5_SHOES_LEATHER_HELL,,,
T6_SHOES_LEATHER_HELL,,8,T6_LEATHER
T6_SHOES_LEATHER_HELL,,1,T6_ARTEFACT_SHOES_LEATHER_HELL
T6_SHOES_LEATHER_HELL,,,
T7_SHOES_LEATHER_HELL,,8,T7_LEATHER
T7_SHOES_LEATHER_HELL,,1,T7_ARTEFACT_SHOES_LEATHER_HELL
T7_SHOES_LEATHER_HELL,,,
T8_SHOES_LEATHER_HELL,,8,T8_LEATHER
T8_SHOES_LEATHER_HELL,,1,T8_ARTEFACT_SHOES_LEATHER_HELL
T8_SHOES_LEATHER_HELL,,,
T4_HEAD_LEATHER_UNDEAD,,8,T4_LEATHER
T4_HEAD_LEATHER_UNDEAD,,1,T4_ARTEFACT_HEAD_LEATHER_UNDEAD
T4_HEAD_LEATHER_UNDEAD,,,
T5_HEAD_LEATHER_UNDEAD,,8,T5_LEATHER
T5_HEAD_LEATHER_UNDEAD,,1,T5_ARTEFACT_HEAD_LEATHER_UNDEAD
T5_HEAD_LEATHER_UNDEAD,,,
T6_HEAD_LEATHER_UNDEAD,,8,T6_LEATHER
T6_HEAD_LEATHER_UNDEAD,,1,T6_ARTEFACT_HEAD_LEATHER_UNDEAD
T6_HEAD_LEATHER_UNDEAD,,,
T7_HEAD_LEATHER_UNDEAD,,8,T7_LEATHER
T7_HEAD_LEATHER_UNDEAD,,1,T7_ARTEFACT_HEAD_LEATHER_UNDEAD
T7_HEAD_LEATHER_UNDEAD,,,
T8_HEAD_LEATHER_UNDEAD,,8,T8_LEATHER
T8_HEAD_LEATHER_UNDEAD,,1,T8_ARTEFACT_HEAD_LEATHER_UNDEAD
T8_HEAD_LEATHER_UNDEAD,,,
T4_ARMOR_LEATHER_UNDEAD,,16,T4_LEATHER
T4_ARMOR_LEATHER_UNDEAD,,1,T4_ARTEFACT_ARMOR_LEATHER_UNDEAD
T4_ARMOR_LEATHER_UNDEAD,,,
T5_ARMOR_LEATHER_UNDEAD,,16,T5_LEATHER
T5_ARMOR_LEATHER_UNDEAD,,1,T5_ARTEFACT_ARMOR_LEATHER_UNDEAD
T5_ARMOR_LEATHER_UNDEAD,,,
T6_ARMOR_LEATHER_UNDEAD,,16,T6_LEATHER
T6_ARMOR_LEATHER_UNDEAD,,1,T6_ARTEFACT_ARMOR_LEATHER_UNDEAD
T6_ARMOR_LEATHER_UNDEAD,,,
T7_ARMOR_LEATHER_UNDEAD,,16,T7_LEATHER
T7_ARMOR_LEATHER_UNDEAD,,1,T7_ARTEFACT_ARMOR_LEATHER_UNDEAD
T7_ARMOR_LEATHER_UNDEAD,,,
T8_ARMOR_LEATHER_UNDEAD,,16,T8_LEATHER
T8_ARMOR_LEATHER_UNDEAD,,1,T8_ARTEFACT_ARMOR_LEATHER_UNDEAD
T8_ARMOR_LEATHER_UNDEAD,,,
T4_SHOES_LEATHER_UNDEAD,,8,T4_LEATHER
T4_SHOES_LEATHER_UNDEAD,,1,T4_ARTEFACT_SHOES_LEATHER_UNDEAD
T4_SHOES_LEATHER_UNDEAD,,,
T5_SHOES_LEATHER_UNDEAD,,8,T5_LEATHER
T5_SHOES_LEATHER_UNDEAD,,1,T5_ARTEFACT_SHOES_LEATHER_UNDEAD
T5_SHOES_LEATHER_UNDEAD,,,
T6_SHOES_LEATHER_UNDEAD,,8,T6_LEATHER
T6_SHOES_LEATHER_UNDEAD,,1,T6_ARTEFACT_SHOES_LEATHER_UNDEAD
T6_SHOES_LEATHER_UNDEAD,,,
T7_SHOES_LEATHER_UNDEAD,,8,T7_LEATHER
T7_SHOES_LEATHER_UNDEAD,,1,T7_ARTEFACT_SHOES_LEATHER_UNDEAD
T7_SHOES_LEATHER_UNDEAD,,,
T8_SHOES_LEATHER_UNDEAD,,8,T8_LEATHER
T8_SHOES_LEATHER_UNDEAD,,1,T8_ARTEFACT_SHOES_LEATHER_UNDEAD
T8_SHOES_LEATHER_UNDEAD,,,
T2_HEAD_CLOTH_SET1,,8,T2_CLOTH
T2_HEAD_CLOTH_SET1,,,
T3_HEAD_CLOTH_SET1,,8,T3_CLOTH
T3_HEAD_CLOTH_SET1,,,
T4_HEAD_CLOTH_SET1,,8,T4_CLOTH
T4_HEAD_CLOTH_SET1,,,
T5_HEAD_CLOTH_SET1,,8,T5_CLOTH
T5_HEAD_CLOTH_SET1,,,
T6_HEAD_CLOTH_SET1,,8,T6_CLOTH
T6_HEAD_CLOTH_SET1,,,
T7_HEAD_CLOTH_SET1,,8,T7_CLOTH
T7_HEAD_CLOTH_SET1,,,
T8_HEAD_CLOTH_SET1,,8,T8_CLOTH
T8_HEAD_CLOTH_SET1,,,
T2_ARMOR_CLOTH_SET1,,16,T2_CLOTH
T2_ARMOR_CLOTH_SET1,,,
T3_ARMOR_CLOTH_SET1,,16,T3_CLOTH
T3_ARMOR_CLOTH_SET1,,,
T4_ARMOR_CLOTH_SET1,,16,T4_CLOTH
T4_ARMOR_CLOTH_SET1,,,
T5_ARMOR_CLOTH_SET1,,16,T5_CLOTH
T5_ARMOR_CLOTH_SET1,,,
T6_ARMOR_CLOTH_SET1,,16,T6_CLOTH
T6_ARMOR_CLOTH_SET1,,,
T7_ARMOR_CLOTH_SET1,,16,T7_CLOTH
T7_ARMOR_CLOTH_SET1,,,
T8_ARMOR_CLOTH_SET1,,16,T8_CLOTH
T8_ARMOR_CLOTH_SET1,,,
T2_SHOES_CLOTH_SET1,,8,T2_CLOTH
T2_SHOES_CLOTH_SET1,,,
T3_SHOES_CLOTH_SET1,,8,T3_CLOTH
T3_SHOES_CLOTH_SET1,,,
T4_SHOES_CLOTH_SET1,,8,T4_CLOTH
T4_SHOES_CLOTH_SET1,,,
T5_SHOES_CLOTH_SET1,,8,T5_CLOTH
T5_SHOES_CLOTH_SET1,,,
T6_SHOES_CLOTH_SET1,,8,T6_CLOTH
T6_SHOES_CLOTH_SET1,,,
T7_SHOES_CLOTH_SET1,,8,T7_CLOTH
T7_SHOES_CLOTH_SET1,,,
T8_SHOES_CLOTH_SET1,,8,T8_CLOTH
T8_SHOES_CLOTH_SET1,,,
T4_HEAD_CLOTH_SET2,,8,T4_CLOTH
T4_HEAD_CLOTH_SET2,,,
T5_HEAD_CLOTH_SET2,,8,T5_CLOTH
T5_HEAD_CLOTH_SET2,,,
T6_HEAD_CLOTH_SET2,,8,T6_CLOTH
T6_HEAD_CLOTH_SET2,,,
T7_HEAD_CLOTH_SET2,,8,T7_CLOTH
T7_HEAD_CLOTH_SET2,,,
T8_HEAD_CLOTH_SET2,,8,T8_CLOTH
T8_HEAD_CLOTH_SET2,,,
T4_ARMOR_CLOTH_SET2,,16,T4_CLOTH
T4_ARMOR_CLOTH_SET2,,,
T5_ARMOR_CLOTH_SET2,,16,T5_CLOTH
T5_ARMOR_CLOTH_SET2,,,
T6_ARMOR_CLOTH_SET2,,16,T6_CLOTH
T6_ARMOR_CLOTH_SET2,,,
T7_ARMOR_CLOTH_SET2,,16,T7_CLOTH
T7_ARMOR_CLOTH_SET2,,,
T8_ARMOR_CLOTH_SET2,,16,T8_CLOTH
T8_ARMOR_CLOTH_SET2,,,
T4_SHOES_CLOTH_SET2,,8,T4_CLOTH
T4_SHOES_CLOTH_SET2,,,
T5_SHOES_CLOTH_SET2,,8,T5_CLOTH
T5_SHOES_CLOTH_SET2,,,
T6_SHOES_CLOTH_SET2,,8,T6_CLOTH
T6_SHOES_CLOTH_SET2,,,
T7_SHOES_CLOTH_SET2,,8,T7_CLOTH
T7_SHOES_CLOTH_SET2,,,
T8_SHOES_CLOTH_SET2,,8,T8_CLOTH
T8_SHOES_CLOTH_SET2,,,
T4_HEAD_CLOTH_SET3,,8,T4_CLOTH
T4_HEAD_CLOTH_SET3,,,
T5_HEAD_CLOTH_SET3,,8,T5_CLOTH
T5_HEAD_CLOTH_SET3,,,
T6_HEAD_CLOTH_SET3,,8,T6_CLOTH
T6_HEAD_CLOTH_SET3,,,
T7_HEAD_CLOTH_SET3,,8,T7_CLOTH
T7_HEAD_CLOTH_SET3,,,
T8_HEAD_CLOTH_SET3,,8,T8_CLOTH
T8_HEAD_CLOTH_SET3,,,
T4_ARMOR_CLOTH_SET3,,16,T4_CLOTH
T4_ARMOR_CLOTH_SET3,,,
T5_ARMOR_CLOTH_SET3,,16,T5_CLOTH
T5_ARMOR_CLOTH_SET3,,,
T6_ARMOR_CLOTH_SET3,,16,T6_CLOTH
T6_ARMOR_CLOTH_SET3,,,
T7_ARMOR_CLOTH_SET3,,16,T7_CLOTH
T7_ARMOR_CLOTH_SET3,,,
T8_ARMOR_CLOTH_SET3,,16,T8_CLOTH
T8_ARMOR_CLOTH_SET3,,,
T4_SHOES_CLOTH_SET3,,8,T4_CLOTH
T4_SHOES_CLOTH_SET3,,,
T5_SHOES_CLOTH_SET3,,8,T5_CLOTH
T5_SHOES_CLOTH_SET3,,,
T6_SHOES_CLOTH_SET3,,8,T6_CLOTH
T6_SHOES_CLOTH_SET3,,,
T7_SHOES_CLOTH_SET3,,8,T7_CLOTH
T7_SHOES_CLOTH_SET3,,,
T8_SHOES_CLOTH_SET3,,8,T8_CLOTH
T8_SHOES_CLOTH_SET3,,,
T4_HEAD_CLOTH_KEEPER,,8,T4_CLOTH
T4_HEAD_CLOTH_KEEPER,,1,T4_ARTEFACT_HEAD_CLOTH_KEEPER
T4_HEAD_CLOTH_KEEPER,,,
T5_HEAD_CLOTH_KEEPER,,8,T5_CLOTH
T5_HEAD_CLOTH_KEEPER,,1,T5_ARTEFACT_HEAD_CLOTH_KEEPER
T5_HEAD_CLOTH_KEEPER,,,
T6_HEAD_CLOTH_KEEPER,,8,T6_CLOTH
T6_HEAD_CLOTH_KEEPER,,1,T6_ARTEFACT_HEAD_CLOTH_KEEPER
T6_HEAD_CLOTH_KEEPER,,,
T7_HEAD_CLOTH_KEEPER,,8,T7_CLOTH
T7_HEAD_CLOTH_KEEPER,,1,T7_ARTEFACT_HEAD_CLOTH_KEEPER
T7_HEAD_CLOTH_KEEPER,,,
T8_HEAD_CLOTH_KEEPER,,8,T8_CLOTH
T8_HEAD_CLOTH_KEEPER,,1,T8_ARTEFACT_HEAD_CLOTH_KEEPER
T8_HEAD_CLOTH_KEEPER,,,
T4_ARMOR_CLOTH_KEEPER,,16,T4_CLOTH
T4_ARMOR_CLOTH_KEEPER,,1,T4_ARTEFACT_ARMOR_CLOTH_KEEPER
T4_ARMOR_CLOTH_KEEPER,,,
T5_ARMOR_CLOTH_KEEPER,,16,T5_CLOTH
T5_ARMOR_CLOTH_KEEPER,,1,T5_ARTEFACT_ARMOR_CLOTH_KEEPER
T5_ARMOR_CLOTH_KEEPER,,,
T6_ARMOR_CLOTH_KEEPER,,16,T6_CLOTH
T6_ARMOR_CLOTH_KEEPER,,1,T6_ARTEFACT_ARMOR_CLOTH_KEEPER
T6_ARMOR_CLOTH_KEEPER,,,
T7_ARMOR_CLOTH_KEEPER,,16,T7_CLOTH
T7_ARMOR_CLOTH_KEEPER,,1,T7_ARTEFACT_ARMOR_CLOTH_KEEPER
T7_ARMOR_CLOTH_KEEPER,,,
T8_ARMOR_CLOTH_KEEPER,,16,T8_CLOTH
T8_ARMOR_CLOTH_KEEPER,,1,T8_ARTEFACT_ARMOR_CLOTH_KEEPER
T8_ARMOR_CLOTH_KEEPER,,,
T4_SHOES_CLOTH_KEEPER,,8,T4_CLOTH
T4_SHOES_CLOTH_KEEPER,,1,T4_ARTEFACT_SHOES_CLOTH_KEEPER
T4_SHOES_CLOTH_KEEPER,,,
T5_SHOES_CLOTH_KEEPER,,8,T5_CLOTH
T5_SHOES_CLOTH_KEEPER,,1,T5_ARTEFACT_SHOES_CLOTH_KEEPER
T5_SHOES_CLOTH_KEEPER,,,
T6_SHOES_CLOTH_KEEPER,,8,T6_CLOTH
T6_SHOES_CLOTH_KEEPER,,1,T6_ARTEFACT_SHOES_CLOTH_KEEPER
T6_SHOES_CLOTH_KEEPER,,,
T7_SHOES_CLOTH_KEEPER,,8,T7_CLOTH
T7_SHOES_CLOTH_KEEPER,,1,T7_ARTEFACT_SHOES_CLOTH_KEEPER
T7_SHOES_CLOTH_KEEPER,,,
T8_SHOES_CLOTH_KEEPER,,8,T8_CLOTH
T8_SHOES_CLOTH_KEEPER,,1,T8_ARTEFACT_SHOES_CLOTH_KEEPER
T8_SHOES_CLOTH_KEEPER,,,
T4_HEAD_CLOTH_HELL,,8,T4_CLOTH
T4_HEAD_CLOTH_HELL,,1,T4_ARTEFACT_HEAD_CLOTH_HELL
T4_HEAD_CLOTH_HELL,,,
T5_HEAD_CLOTH_HELL,,8,T5_CLOTH
T5_HEAD_CLOTH_HELL,,1,T5_ARTEFACT_HEAD_CLOTH_HELL
T5_HEAD_CLOTH_HELL,,,
T6_HEAD_CLOTH_HELL,,8,T6_CLOTH
T6_HEAD_CLOTH_HELL,,1,T6_ARTEFACT_HEAD_CLOTH_HELL
T6_HEAD_CLOTH_HELL,,,
T7_HEAD_CLOTH_HELL,,8,T7_CLOTH
T7_HEAD_CLOTH_HELL,,1,T7_ARTEFACT_HEAD_CLOTH_HELL
T7_HEAD_CLOTH_HELL,,,
T8_HEAD_CLOTH_HELL,,8,T8_CLOTH
T8_HEAD_CLOTH_HELL,,1,T8_ARTEFACT_HEAD_CLOTH_HELL
T8_HEAD_CLOTH_HELL,,,
T4_ARMOR_CLOTH_HELL,,16,T4_CLOTH
T4_ARMOR_CLOTH_HELL,,1,T4_ARTEFACT_ARMOR_CLOTH_HELL
T4_ARMOR_CLOTH_HELL,,,
T5_ARMOR_CLOTH_HELL,,16,T5_CLOTH
T5_ARMOR_CLOTH_HELL,,1,T5_ARTEFACT_ARMOR_CLOTH_HELL
T5_ARMOR_CLOTH_HELL,,,
T6_ARMOR_CLOTH_HELL,,16,T6_CLOTH
T6_ARMOR_CLOTH_HELL,,1,T6_ARTEFACT_ARMOR_CLOTH_HELL
T6_ARMOR_CLOTH_HELL,,,
T7_ARMOR_CLOTH_HELL,,16,T7_CLOTH
T7_ARMOR_CLOTH_HELL,,1,T7_ARTEFACT_ARMOR_CLOTH_HELL
T7_ARMOR_CLOTH_HELL,,,
T8_ARMOR_CLOTH_HELL,,16,T8_CLOTH
T8_ARMOR_CLOTH_HELL,,1,T8_ARTEFACT_ARMOR_CLOTH_HELL
T8_ARMOR_CLOTH_HELL,,,
T4_SHOES_CLOTH_HELL,,8,T4_CLOTH
T4_SHOES_CLOTH_HELL,,1,T4_ARTEFACT_SHOES_CLOTH_HELL
T4_SHOES_CLOTH_HELL,,,
T5_SHOES_CLOTH_HELL,,8,T5_CLOTH
T5_SHOES_CLOTH_HELL,,1,T5_ARTEFACT_SHOES_CLOTH_HELL
T5_SHOES_CLOTH_HELL,,,
T6_SHOES_CLOTH_HELL,,8,T6_CLOTH
T6_SHOES_CLOTH_HELL,,1,T6_ARTEFACT_SHOES_CLOTH_HELL
T6_SHOES_CLOTH_HELL,,,
T7_SHOES_CLOTH_HELL,,8,T7_CLOTH
T7_SHOES_CLOTH_HELL,,1,T7_ARTEFACT_SHOES_CLOTH_HELL
T7_SHOES_CLOTH_HELL,,,
T8_SHOES_CLOTH_HELL,,8,T8_CLOTH
T8_SHOES_CLOTH_HELL,,1,T8_ARTEFACT_SHOES_CLOTH_HELL
T8_SHOES_CLOTH_HELL,,,
T4_HEAD_CLOTH_MORGANA,,8,T4_CLOTH
T4_HEAD_CLOTH_MORGANA,,1,T4_ARTEFACT_HEAD_CLOTH_MORGANA
T4_HEAD_CLOTH_MORGANA,,,
T5_HEAD_CLOTH_MORGANA,,8,T5_CLOTH
T5_HEAD_CLOTH_MORGANA,,1,T5_ARTEFACT_HEAD_CLOTH_MORGANA
T5_HEAD_CLOTH_MORGANA,,,
T6_HEAD_CLOTH_MORGANA,,8,T6_CLOTH
T6_HEAD_CLOTH_MORGANA,,1,T6_ARTEFACT_HEAD_CLOTH_MORGANA
T6_HEAD_CLOTH_MORGANA,,,
T7_HEAD_CLOTH_MORGANA,,8,T7_CLOTH
T7_HEAD_CLOTH_MORGANA,,1,T7_ARTEFACT_HEAD_CLOTH_MORGANA
T7_HEAD_CLOTH_MORGANA,,,
T8_HEAD_CLOTH_MORGANA,,8,T8_CLOTH
T8_HEAD_CLOTH_MORGANA,,1,T8_ARTEFACT_HEAD_CLOTH_MORGANA
T8_HEAD_CLOTH_MORGANA,,,
T4_ARMOR_CLOTH_MORGANA,,16,T4_CLOTH
T4_ARMOR_CLOTH_MORGANA,,1,T4_ARTEFACT_ARMOR_CLOTH_MORGANA
T4_ARMOR_CLOTH_MORGANA,,,
T5_ARMOR_CLOTH_MORGANA,,16,T5_CLOTH
T5_ARMOR_CLOTH_MORGANA,,1,T5_ARTEFACT_ARMOR_CLOTH_MORGANA
T5_ARMOR_CLOTH_MORGANA,,,
T6_ARMOR_CLOTH_MORGANA,,16,T6_CLOTH
T6_ARMOR_CLOTH_MORGANA,,1,T6_ARTEFACT_ARMOR_CLOTH_MORGANA
T6_ARMOR_CLOTH_MORGANA,,,
T7_ARMOR_CLOTH_MORGANA,,16,T7_CLOTH
T7_ARMOR_CLOTH_MORGANA,,1,T7_ARTEFACT_ARMOR_CLOTH_MORGANA
T7_ARMOR_CLOTH_MORGANA,,,
T8_ARMOR_CLOTH_MORGANA,,16,T8_CLOTH
T8_ARMOR_CLOTH_MORGANA,,1,T8_ARTEFACT_ARMOR_CLOTH_MORGANA
T8_ARMOR_CLOTH_MORGANA,,,
T4_SHOES_CLOTH_MORGANA,,8,T4_CLOTH
T4_SHOES_CLOTH_MORGANA,,1,T4_ARTEFACT_SHOES_CLOTH_MORGANA
T4_SHOES_CLOTH_MORGANA,,,
T5_SHOES_CLOTH_MORGANA,,8,T5_CLOTH
T5_SHOES_CLOTH_MORGANA,,1,T5_ARTEFACT_SHOES_CLOTH_MORGANA
T5_SHOES_CLOTH_MORGANA,,,
T6_SHOES_CLOTH_MORGANA,,8,T6_CLOTH
T6_SHOES_CLOTH_MORGANA,,1,T6_ARTEFACT_SHOES_CLOTH_MORGANA
T6_SHOES_CLOTH_MORGANA,,,
T7_SHOES_CLOTH_MORGANA,,8,T7_CLOTH
T7_SHOES_CLOTH_MORGANA,,1,T7_ARTEFACT_SHOES_CLOTH_MORGANA
T7_SHOES_CLOTH_MORGANA,,,
T8_SHOES_CLOTH_MORGANA,,8,T8_CLOTH
T8_SHOES_CLOTH_MORGANA,,1,T8_ARTEFACT_SHOES_CLOTH_MORGANA
T8_SHOES_CLOTH_MORGANA,,,
T4_HEAD_CLOTH_ROYAL,,1,T4_HEAD_CLOTH_SET1
T4_HEAD_CLOTH_ROYAL,,2,QUESTITEM_TOKEN_ROYAL_T4
T4_HEAD_CLOTH_ROYAL,,1,T4_HEAD_CLOTH_SET2
T4_HEAD_CLOTH_ROYAL,,1,T4_HEAD_CLOTH_SET3
T4_HEAD_CLOTH_ROYAL,,,
T5_HEAD_CLOTH_ROYAL,,1,T5_HEAD_CLOTH_SET1
T5_HEAD_CLOTH_ROYAL,,4,QUESTITEM_TOKEN_ROYAL_T5
T5_HEAD_CLOTH_ROYAL,,1,T5_HEAD_CLOTH_SET2
T5_HEAD_CLOTH_ROYAL,,1,T5_HEAD_CLOTH_SET3
T5_HEAD_CLOTH_ROYAL,,,
T6_HEAD_CLOTH_ROYAL,,1,T6_HEAD_CLOTH_SET1
T6_HEAD_CLOTH_ROYAL,,8,QUESTITEM_TOKEN_ROYAL_T6
T6_HEAD_CLOTH_ROYAL,,1,T6_HEAD_CLOTH_SET2
T6_HEAD_CLOTH_ROYAL,,1,T6_HEAD_CLOTH_SET3
T6_HEAD_CLOTH_ROYAL,,,
T7_HEAD_CLOTH_ROYAL,,1,T7_HEAD_CLOTH_SET1
T7_HEAD_CLOTH_ROYAL,,8,QUESTITEM_TOKEN_ROYAL_T7
T7_HEAD_CLOTH_ROYAL,,1,T7_HEAD_CLOTH_SET2
T7_HEAD_CLOTH_ROYAL,,1,T7_HEAD_CLOTH_SET3
T7_HEAD_CLOTH_ROYAL,,,
T8_HEAD_CLOTH_ROYAL,,1,T8_HEAD_CLOTH_SET1
T8_HEAD_CLOTH_ROYAL,,8,QUESTITEM_TOKEN_ROYAL_T8
T8_HEAD_CLOTH_ROYAL,,1,T8_HEAD_CLOTH_SET2
T8_HEAD_CLOTH_ROYAL,,1,T8_HEAD_CLOTH_SET3
T8_HEAD_CLOTH_ROYAL,,,
T4_ARMOR_CLOTH_ROYAL,,1,T4_ARMOR_CLOTH_SET1
T4_ARMOR_CLOTH_ROYAL,,4,QUESTITEM_TOKEN_ROYAL_T4
T4_ARMOR_CLOTH_ROYAL,,1,T4_ARMOR_CLOTH_SET2
T4_ARMOR_CLOTH_ROYAL,,1,T4_ARMOR_CLOTH_SET3
T4_ARMOR_CLOTH_ROYAL,,,
T5_ARMOR_CLOTH_ROYAL,,1,T5_ARMOR_CLOTH_SET1
T5_ARMOR_CLOTH_ROYAL,,8,QUESTITEM_TOKEN_ROYAL_T5
T5_ARMOR_CLOTH_ROYAL,,1,T5_ARMOR_CLOTH_SET2
T5_ARMOR_CLOTH_ROYAL,,1,T5_ARMOR_CLOTH_SET3
T5_ARMOR_CLOTH_ROYAL,,,
T6_ARMOR_CLOTH_ROYAL,,1,T6_ARMOR_CLOTH_SET1
T6_ARMOR_CLOTH_ROYAL,,16,QUESTITEM_TOKEN_ROYAL_T6
T6_ARMOR_CLOTH_ROYAL,,1,T6_ARMOR_CLOTH_SET2
T6_ARMOR_CLOTH_ROYAL,,1,T6_ARMOR_CLOTH_SET3
T6_ARMOR_CLOTH_ROYAL,,,
T7_ARMOR_CLOTH_ROYAL,,1,T7_ARMOR_CLOTH_SET1
T7_ARMOR_CLOTH_ROYAL,,16,QUESTITEM_TOKEN_ROYAL_T7
T7_ARMOR_CLOTH_ROYAL,,1,T7_ARMOR_CLOTH_SET2
T7_ARMOR_CLOTH_ROYAL,,1,T7_ARMOR_CLOTH_SET3
T7_ARMOR_CLOTH_ROYAL,,,
T8_ARMOR_CLOTH_ROYAL,,1,T8_ARMOR_CLOTH_SET1
T8_ARMOR_CLOTH_ROYAL,,16,QUESTITEM_TOKEN_ROYAL_T8
T8_ARMOR_CLOTH_ROYAL,,1,T8_ARMOR_CLOTH_SET2
T8_ARMOR_CLOTH_ROYAL,,1,T8_ARMOR_CLOTH_SET3
T8_ARMOR_CLOTH_ROYAL,,,
T4_SHOES_CLOTH_ROYAL,,1,T4_SHOES_CLOTH_SET1
T4_SHOES_CLOTH_ROYAL,,2,QUESTITEM_TOKEN_ROYAL_T4
T4_SHOES_CLOTH_ROYAL,,1,T4_SHOES_CLOTH_SET2
T4_SHOES_CLOTH_ROYAL,,1,T4_SHOES_CLOTH_SET3
T4_SHOES_CLOTH_ROYAL,,,
T5_SHOES_CLOTH_ROYAL,,1,T5_SHOES_CLOTH_SET1
T5_SHOES_CLOTH_ROYAL,,4,QUESTITEM_TOKEN_ROYAL_T5
T5_SHOES_CLOTH_ROYAL,,1,T5_SHOES_CLOTH_SET2
T5_SHOES_CLOTH_ROYAL,,1,T5_SHOES_CLOTH_SET3
T5_SHOES_CLOTH_ROYAL,,,
T6_SHOES_CLOTH_ROYAL,,1,T6_SHOES_CLOTH_SET1
T6_SHOES_CLOTH_ROYAL,,8,QUESTITEM_TOKEN_ROYAL_T6
T6_SHOES_CLOTH_ROYAL,,1,T6_SHOES_CLOTH_SET2
T6_SHOES_CLOTH_ROYAL,,1,T6_SHOES_CLOTH_SET3
T6_SHOES_CLOTH_ROYAL,,,
T7_SHOES_CLOTH_ROYAL,,1,T7_SHOES_CLOTH_SET1
T7_SHOES_CLOTH_ROYAL,,8,QUESTITEM_TOKEN_ROYAL_T7
T7_SHOES_CLOTH_ROYAL,,1,T7_SHOES_CLOTH_SET2
T7_SHOES_CLOTH_ROYAL,,1,T7_SHOES_CLOTH_SET3
T7_SHOES_CLOTH_ROYAL,,,
T8_SHOES_CLOTH_ROYAL,,1,T8_SHOES_CLOTH_SET1
T8_SHOES_CLOTH_ROYAL,,8,QUESTITEM_TOKEN_ROYAL_T8
T8_SHOES_CLOTH_ROYAL,,1,T8_SHOES_CLOTH_SET2
T8_SHOES_CLOTH_ROYAL,,1,T8_SHOES_CLOTH_SET3
T8_SHOES_CLOTH_ROYAL,,,
T4_HEAD_LEATHER_ROYAL,,1,T4_HEAD_LEATHER_SET1
T4_HEAD_LEATHER_ROYAL,,2,QUESTITEM_TOKEN_ROYAL_T4
T4_HEAD_LEATHER_ROYAL,,1,T4_HEAD_LEATHER_SET2
T4_HEAD_LEATHER_ROYAL,,1,T4_HEAD_LEATHER_SET3
T4_HEAD_LEATHER_ROYAL,,,
T5_HEAD_LEATHER_ROYAL,,1,T5_HEAD_LEATHER_SET1
T5_HEAD_LEATHER_ROYAL,,4,QUESTITEM_TOKEN_ROYAL_T5
T5_HEAD_LEATHER_ROYAL,,1,T5_HEAD_LEATHER_SET2
T5_HEAD_LEATHER_ROYAL,,1,T5_HEAD_LEATHER_SET3
T5_HEAD_LEATHER_ROYAL,,,
T6_HEAD_LEATHER_ROYAL,,1,T6_HEAD_LEATHER_SET1
T6_HEAD_LEATHER_ROYAL,,8,QUESTITEM_TOKEN_ROYAL_T6
T6_HEAD_LEATHER_ROYAL,,1,T6_HEAD_LEATHER_SET2
T6_HEAD_LEATHER_ROYAL,,1,T6_HEAD_LEATHER_SET3
T6_HEAD_LEATHER_ROYAL,,,
T7_HEAD_LEATHER_ROYAL,,1,T7_HEAD_LEATHER_SET1
T7_HEAD_LEATHER_ROYAL,,8,QUESTITEM_TOKEN_ROYAL_T7
T7_HEAD_LEATHER_ROYAL,,1,T7_HEAD_LEATHER_SET2
T7_HEAD_LEATHER_ROYAL,,1,T7_HEAD_LEATHER_SET3
T7_HEAD_LEATHER_ROYAL,,,
T8_HEAD_LEATHER_ROYAL,,1,T8_HEAD_LEATHER_SET1
T8_HEAD_LEATHER_ROYAL,,8,QUESTITEM_TOKEN_ROYAL_T8
T8_HEAD_LEATHER_ROYAL,,1,T8_HEAD_LEATHER_SET2
T8_HEAD_LEATHER_ROYAL,,1,T8_HEAD_LEATHER_SET3
T8_HEAD_LEATHER_ROYAL,,,
T4_ARMOR_LEATHER_ROYAL,,1,T4_ARMOR_LEATHER_SET1
T4_ARMOR_LEATHER_ROYAL,,4,QUESTITEM_TOKEN_ROYAL_T4
T4_ARMOR_LEATHER_ROYAL,,1,T4_ARMOR_LEATHER_SET2
T4_ARMOR_LEATHER_ROYAL,,1,T4_ARMOR_LEATHER_SET3
T4_ARMOR_LEATHER_ROYAL,,,
T5_ARMOR_LEATHER_ROYAL,,1,T5_ARMOR_LEATHER_SET1
T5_ARMOR_LEATHER_ROYAL,,8,QUESTITEM_TOKEN_ROYAL_T5
T5_ARMOR_LEATHER_ROYAL,,1,T5_ARMOR_LEATHER_SET2
T5_ARMOR_LEATHER_ROYAL,,1,T5_ARMOR_LEATHER_SET3
T5_ARMOR_LEATHER_ROYAL,,,
T6_ARMOR_LEATHER_ROYAL,,1,T6_ARMOR_LEATHER_SET1
T6_ARMOR_LEATHER_ROYAL,,16,QUESTITEM_TOKEN_ROYAL_T6
T6_ARMOR_LEATHER_ROYAL,,1,T6_ARMOR_LEATHER_SET2
T6_ARMOR_LEATHER_ROYAL,,1,T6_ARMOR_LEATHER_SET3
T6_ARMOR_LEATHER_ROYAL,,,
T7_ARMOR_LEATHER_ROYAL,,1,T7_ARMOR_LEATHER_SET1
T7_ARMOR_LEATHER_ROYAL,,16,QUESTITEM_TOKEN_ROYAL_T7
T7_ARMOR_LEATHER_ROYAL,,1,T7_ARMOR_LEATHER_SET2
T7_ARMOR_LEATHER_ROYAL,,1,T7_ARMOR_LEATHER_SET3
T7_ARMOR_LEATHER_ROYAL,,,
T8_ARMOR_LEATHER_ROYAL,,1,T8_ARMOR_LEATHER_SET1
T8_ARMOR_LEATHER_ROYAL,,16,QUESTITEM_TOKEN_ROYAL_T8
T8_ARMOR_LEATHER_ROYAL,,1,T8_ARMOR_LEATHER_SET2
T8_ARMOR_LEATHER_ROYAL,,1,T8_ARMOR_LEATHER_SET3
T8_ARMOR_LEATHER_ROYAL,,,
T4_SHOES_LEATHER_ROYAL,,1,T4_SHOES_LEATHER_SET1
T4_SHOES_LEATHER_ROYAL,,2,QUESTITEM_TOKEN_ROYAL_T4
T4_SHOES_LEATHER_ROYAL,,1,T4_SHOES_LEATHER_SET2
T4_SHOES_LEATHER_ROYAL,,1,T4_SHOES_LEATHER_SET3
T4_SHOES_LEATHER_ROYAL,,,
T5_SHOES_LEATHER_ROYAL,,1,T5_SHOES_LEATHER_SET1
T5_SHOES_LEATHER_ROYAL,,4,QUESTITEM_TOKEN_ROYAL_T5
T5_SHOES_LEATHER_ROYAL,,1,T5_SHOES_LEATHER_SET2
T5_SHOES_LEATHER_ROYAL,,1,T5_SHOES_LEATHER_SET3
T5_SHOES_LEATHER_ROYAL,,,
T6_SHOES_LEATHER_ROYAL,,1,T6_SHOES_LEATHER_SET1
T6_SHOES_LEATHER_ROYAL,,8,QUESTITEM_TOKEN_ROYAL_T6
T6_SHOES_LEATHER_ROYAL,,1,T6_SHOES_LEATHER_SET2
T6_SHOES_LEATHER_ROYAL,,1,T6_SHOES_LEATHER_SET3
T6_SHOES_LEATHER_ROYAL,,,
T7_SHOES_LEATHER_ROYAL,,1,T7_SHOES_LEATHER_SET1
T7_SHOES_LEATHER_ROYAL,,8,QUESTITEM_TOKEN_ROYAL_T7
T7_SHOES_LEATHER_ROYAL,,1,T7_SHOES_LEATHER_SET2
T7_SHOES_LEATHER_ROYAL,,1,T7_SHOES_LEATHER_SET3
T7_SHOES_LEATHER_ROYAL,,,
T8_SHOES_LEATHER_ROYAL,,1,T8_SHOES_LEATHER_SET1
T8_SHOES_LEATHER_ROYAL,,8,QUESTITEM_TOKEN_ROYAL_T8
T8_SHOES_LEATHER_ROYAL,,1,T8_SHOES_LEATHER_SET2
T8_SHOES_LEATHER_ROYAL,,1,T8_SHOES_LEATHER_SET3
T8_SHOES_LEATHER_ROYAL,,,
T4_HEAD_PLATE_ROYAL,,1,T4_HEAD_PLATE_SET1
T4_HEAD_PLATE_ROYAL,,2,QUESTITEM_TOKEN_ROYAL_T4
T4_HEAD_PLATE_ROYAL,,1,T4_HEAD_PLATE_SET2
T4_HEAD_PLATE_ROYAL,,1,T4_HEAD_PLATE_SET3
T4_HEAD_PLATE_ROYAL,,,
T5_HEAD_PLATE_ROYAL,,1,T5_HEAD_PLATE_SET1
T5_HEAD_PLATE_ROYAL,,4,QUESTITEM_TOKEN_ROYAL_T5
T5_HEAD_PLATE_ROYAL,,1,T5_HEAD_PLATE_SET2
T5_HEAD_PLATE_ROYAL,,1,T5_HEAD_PLATE_SET3
T5_HEAD_PLATE_ROYAL,,,
T6_HEAD_PLATE_ROYAL,,1,T6_HEAD_PLATE_SET1
T6_HEAD_PLATE_ROYAL,,8,QUESTITEM_TOKEN_ROYAL_T6
T6_HEAD_PLATE_ROYAL,,1,T6_HEAD_PLATE_SET2
T6_HEAD_PLATE_ROYAL,,1,T6_HEAD_PLATE_SET3
T6_HEAD_PLATE_ROYAL,,,
T7_HEAD_PLATE_ROYAL,,1,T7_HEAD_PLATE_SET1
T7_HEAD_PLATE_ROYAL,,8,QUESTITEM_TOKEN_ROYAL_T7
T7_HEAD_PLATE_ROYAL,,1,T7_HEAD_PLATE_SET2
T7_HEAD_PLATE_ROYAL,,1,T7_HEAD_PLATE_SET3
T7_HEAD_PLATE_ROYAL,,,
T8_HEAD_PLATE_ROYAL,,1,T8_HEAD_PLATE_SET1
T8_HEAD_PLATE_ROYAL,,8,QUESTITEM_TOKEN_ROYAL_T8
T8_HEAD_PLATE_ROYAL,,1,T8_HEAD_PLATE_SET2
T8_HEAD_PLATE_ROYAL,,1,T8_HEAD_PLATE_SET3
T8_HEAD_PLATE_ROYAL,,,
T4_ARMOR_PLATE_ROYAL,,1,T4_ARMOR_PLATE_SET1
T4_ARMOR_PLATE_ROYAL,,4,QUESTITEM_TOKEN_ROYAL_T4
T4_ARMOR_PLATE_ROYAL,,1,T4_ARMOR_PLATE_SET2
T4_ARMOR_PLATE_ROYAL,,1,T4_ARMOR_PLATE_SET3
T4_ARMOR_PLATE_ROYAL,,,
T5_ARMOR_PLATE_ROYAL,,1,T5_ARMOR_PLATE_SET1
T5_ARMOR_PLATE_ROYAL,,8,QUESTITEM_TOKEN_ROYAL_T5
T5_ARMOR_PLATE_ROYAL,,1,T5_ARMOR_PLATE_SET2
T5_ARMOR_PLATE_ROYAL,,1,T5_ARMOR_PLATE_SET3
T5_ARMOR_PLATE_ROYAL,,,
T6_ARMOR_PLATE_ROYAL,,1,T6_ARMOR_PLATE_SET1
T6_ARMOR_PLATE_ROYAL,,16,QUESTITEM_TOKEN_ROYAL_T6
T6_ARMOR_PLATE_ROYAL,,1,T6_ARMOR_PLATE_SET2
T6_ARMOR_PLATE_ROYAL,,1,T6_ARMOR_PLATE_SET3
T6_ARMOR_PLATE_ROYAL,,,
T7_ARMOR_PLATE_ROYAL,,1,T7_ARMOR_PLATE_SET1
T7_ARMOR_PLATE_ROYAL,,16,QUESTITEM_TOKEN_ROYAL_T7
T7_ARMOR_PLATE_ROYAL,,1,T7_ARMOR_PLATE_SET2
T7_ARMOR_PLATE_ROYAL,,1,T7_ARMOR_PLATE_SET3
T7_ARMOR_PLATE_ROYAL,,,
T8_ARMOR_PLATE_ROYAL,,1,T8_ARMOR_PLATE_SET1
T8_ARMOR_PLATE_ROYAL,,16,QUESTITEM_TOKEN_ROYAL_T8
T8_ARMOR_PLATE_ROYAL,,1,T8_ARMOR_PLATE_SET2
T8_ARMOR_PLATE_ROYAL,,1,T8_ARMOR_PLATE_SET3
T8_ARMOR_PLATE_ROYAL,,,
T4_SHOES_PLATE_ROYAL,,1,T4_SHOES_PLATE_SET1
T4_SHOES_PLATE_ROYAL,,2,QUESTITEM_TOKEN_ROYAL_T4
T4_SHOES_PLATE_ROYAL,,1,T4_SHOES_PLATE_SET2
T4_SHOES_PLATE_ROYAL,,1,T4_SHOES_PLATE_SET3
T4_SHOES_PLATE_ROYAL,,,
T5_SHOES_PLATE_ROYAL,,1,T5_SHOES_PLATE_SET1
T5_SHOES_PLATE_ROYAL,,4,QUESTITEM_TOKEN_ROYAL_T5
T5_SHOES_PLATE_ROYAL,,1,T5_SHOES_PLATE_SET2
T5_SHOES_PLATE_ROYAL,,1,T5_SHOES_PLATE_SET3
T5_SHOES_PLATE_ROYAL,,,
T6_SHOES_PLATE_ROYAL,,1,T6_SHOES_PLATE_SET1
T6_SHOES_PLATE_ROYAL,,8,QUESTITEM_TOKEN_ROYAL_T6
T6_SHOES_PLATE_ROYAL,,1,T6_SHOES_PLATE_SET2
T6_SHOES_PLATE_ROYAL,,1,T6_SHOES_PLATE_SET3
T6_SHOES_PLATE_ROYAL,,,
T7_SHOES_PLATE_ROYAL,,1,T7_SHOES_PLATE_SET1
T7_SHOES_PLATE_ROYAL,,8,QUESTITEM_TOKEN_ROYAL_T7
T7_SHOES_PLATE_ROYAL,,1,T7_SHOES_PLATE_SET2
T7_SHOES_PLATE_ROYAL,,1,T7_SHOES_PLATE_SET3
T7_SHOES_PLATE_ROYAL,,,
T8_SHOES_PLATE_ROYAL,,1,T8_SHOES_PLATE_SET1
T8_SHOES_PLATE_ROYAL,,8,QUESTITEM_TOKEN_ROYAL_T8
T8_SHOES_PLATE_ROYAL,,1,T8_SHOES_PLATE_SET2
T8_SHOES_PLATE_ROYAL,,1,T8_SHOES_PLATE_SET3
T8_SHOES_PLATE_ROYAL,,,
T4_HEAD_GATHERER_FIBER,,8,T4_CLOTH
T4_HEAD_GATHERER_FIBER,,,
T5_HEAD_GATHERER_FIBER,,8,T5_CLOTH
T5_HEAD_GATHERER_FIBER,,,
T6_HEAD_GATHERER_FIBER,,8,T6_CLOTH
T6_HEAD_GATHERER_FIBER,,,
T7_HEAD_GATHERER_FIBER,,8,T7_CLOTH
T7_HEAD_GATHERER_FIBER,,,
T8_HEAD_GATHERER_FIBER,,8,T8_CLOTH
T8_HEAD_GATHERER_FIBER,,,
T4_ARMOR_GATHERER_FIBER,,8,T4_CLOTH
T4_ARMOR_GATHERER_FIBER,,,
T5_ARMOR_GATHERER_FIBER,,8,T5_CLOTH
T5_ARMOR_GATHERER_FIBER,,,
T6_ARMOR_GATHERER_FIBER,,8,T6_CLOTH
T6_ARMOR_GATHERER_FIBER,,,
T7_ARMOR_GATHERER_FIBER,,8,T7_CLOTH
T7_ARMOR_GATHERER_FIBER,,,
T8_ARMOR_GATHERER_FIBER,,8,T8_CLOTH
T8_ARMOR_GATHERER_FIBER,,,
T4_SHOES_GATHERER_FIBER,,8,T4_CLOTH
T4_SHOES_GATHERER_FIBER,,,
T5_SHOES_GATHERER_FIBER,,8,T5_CLOTH
T5_SHOES_GATHERER_FIBER,,,
T6_SHOES_GATHERER_FIBER,,8,T6_CLOTH
T6_SHOES_GATHERER_FIBER,,,
T7_SHOES_GATHERER_FIBER,,8,T7_CLOTH
T7_SHOES_GATHERER_FIBER,,,
T8_SHOES_GATHERER_FIBER,,8,T8_CLOTH
T8_SHOES_GATHERER_FIBER,,,
T4_BACKPACK_GATHERER_FIBER,,4,T4_CLOTH
T4_BACKPACK_GATHERER_FIBER,,4,T4_LEATHER
T4_BACKPACK_GATHERER_FIBER,,,
T5_BACKPACK_GATHERER_FIBER,,4,T5_CLOTH
T5_BACKPACK_GATHERER_FIBER,,4,T5_LEATHER
T5_BACKPACK_GATHERER_FIBER,,,
T6_BACKPACK_GATHERER_FIBER,,4,T6_CLOTH
T6_BACKPACK_GATHERER_FIBER,,4,T6_LEATHER
T6_BACKPACK_GATHERER_FIBER,,,
T7_BACKPACK_GATHERER_FIBER,,4,T7_CLOTH
T7_BACKPACK_GATHERER_FIBER,,4,T7_LEATHER
T7_BACKPACK_GATHERER_FIBER,,,
T8_BACKPACK_GATHERER_FIBER,,4,T8_CLOTH
T8_BACKPACK_GATHERER_FIBER,,4,T8_LEATHER
T8_BACKPACK_GATHERER_FIBER,,,
T4_HEAD_GATHERER_HIDE,,8,T4_LEATHER
T4_HEAD_GATHERER_HIDE,,,
T5_HEAD_GATHERER_HIDE,,8,T5_LEATHER
T5_HEAD_GATHERER_HIDE,,,
T6_HEAD_GATHERER_HIDE,,8,T6_LEATHER
T6_HEAD_GATHERER_HIDE,,,
T7_HEAD_GATHERER_HIDE,,8,T7_LEATHER
T7_HEAD_GATHERER_HIDE,,,
T8_HEAD_GATHERER_HIDE,,8,T8_LEATHER
T8_HEAD_GATHERER_HIDE,,,
T4_ARMOR_GATHERER_HIDE,,8,T4_LEATHER
T4_ARMOR_GATHERER_HIDE,,,
T5_ARMOR_GATHERER_HIDE,,8,T5_LEATHER
T5_ARMOR_GATHERER_HIDE,,,
T6_ARMOR_GATHERER_HIDE,,8,T6_LEATHER
T6_ARMOR_GATHERER_HIDE,,,
T7_ARMOR_GATHERER_HIDE,,8,T7_LEATHER
T7_ARMOR_GATHERER_HIDE,,,
T8_ARMOR_GATHERER_HIDE,,8,T8_LEATHER
T8_ARMOR_GATHERER_HIDE,,,
T4_SHOES_GATHERER_HIDE,,8,T4_LEATHER
T4_SHOES_GATHERER_HIDE,,,
T5_SHOES_GATHERER_HIDE,,8,T5_LEATHER
T5_SHOES_GATHERER_HIDE,,,
T6_SHOES_GATHERER_HIDE,,8,T6_LEATHER
T6_SHOES_GATHERER_HIDE,,,
T7_SHOES_GATHERER_HIDE,,8,T7_LEATHER
T7_SHOES_GATHERER_HIDE,,,
T8_SHOES_GATHERER_HIDE,,8,T8_LEATHER
T8_SHOES_GATHERER_HIDE,,,
T4_BACKPACK_GATHERER_HIDE,,4,T4_CLOTH
T4_BACKPACK_GATHERER_HIDE,,4,T4_LEATHER
T4_BACKPACK_GATHERER_HIDE,,,
T5_BACKPACK_GATHERER_HIDE,,4,T5_CLOTH
T5_BACKPACK_GATHERER_HIDE,,4,T5_LEATHER
T5_BACKPACK_GATHERER_HIDE,,,
T6_BACKPACK_GATHERER_HIDE,,4,T6_CLOTH
T6_BACKPACK_GATHERER_HIDE,,4,T6_LEATHER
T6_BACKPACK_GATHERER_HIDE,,,
T7_BACKPACK_GATHERER_HIDE,,4,T7_CLOTH
T7_BACKPACK_GATHERER_HIDE,,4,T7_LEATHER
T7_BACKPACK_GATHERER_HIDE,,,
T8_BACKPACK_GATHERER_HIDE,,4,T8_CLOTH
T8_BACKPACK_GATHERER_HIDE,,4,T8_LEATHER
T8_BACKPACK_GATHERER_HIDE,,,
T4_HEAD_GATHERER_ORE,,8,T4_METALBAR
T4_HEAD_GATHERER_ORE,,,
T5_HEAD_GATHERER_ORE,,8,T5_METALBAR
T5_HEAD_GATHERER_ORE,,,
T6_HEAD_GATHERER_ORE,,8,T6_METALBAR
T6_HEAD_GATHERER_ORE,,,
T7_HEAD_GATHERER_ORE,,8,T7_METALBAR
T7_HEAD_GATHERER_ORE,,,
T8_HEAD_GATHERER_ORE,,8,T8_METALBAR
T8_HEAD_GATHERER_ORE,,,
T4_ARMOR_GATHERER_ORE,,8,T4_METALBAR
T4_ARMOR_GATHERER_ORE,,,
T5_ARMOR_GATHERER_ORE,,8,T5_METALBAR
T5_ARMOR_GATHERER_ORE,,,
T6_ARMOR_GATHERER_ORE,,8,T6_METALBAR
T6_ARMOR_GATHERER_ORE,,,
T7_ARMOR_GATHERER_ORE,,8,T7_METALBAR
T7_ARMOR_GATHERER_ORE,,,
T8_ARMOR_GATHERER_ORE,,8,T8_METALBAR
T8_ARMOR_GATHERER_ORE,,,
T4_SHOES_GATHERER_ORE,,8,T4_METALBAR
T4_SHOES_GATHERER_ORE,,,
T5_SHOES_GATHERER_ORE,,8,T5_METALBAR
T5_SHOES_GATHERER_ORE,,,
T6_SHOES_GATHERER_ORE,,8,T6_METALBAR
T6_SHOES_GATHERER_ORE,,,
T7_SHOES_GATHERER_ORE,,8,T7_METALBAR
T7_SHOES_GATHERER_ORE,,,
T8_SHOES_GATHERER_ORE,,8,T8_METALBAR
T8_SHOES_GATHERER_ORE,,,
T4_BACKPACK_GATHERER_ORE,,4,T4_CLOTH
T4_BACKPACK_GATHERER_ORE,,4,T4_LEATHER
T4_BACKPACK_GATHERER_ORE,,,
T5_BACKPACK_GATHERER_ORE,,4,T5_CLOTH
T5_BACKPACK_GATHERER_ORE,,4,T5_LEATHER
T5_BACKPACK_GATHERER_ORE,,,
T6_BACKPACK_GATHERER_ORE,,4,T6_CLOTH
T6_BACKPACK_GATHERER_ORE,,4,T6_LEATHER
T6_BACKPACK_GATHERER_ORE,,,
T7_BACKPACK_GATHERER_ORE,,4,T7_CLOTH
T7_BACKPACK_GATHERER_ORE,,4,T7_LEATHER
T7_BACKPACK_GATHERER_ORE,,,
T8_BACKPACK_GATHERER_ORE,,4,T8_CLOTH
T8_BACKPACK_GATHERER_ORE,,4,T8_LEATHER
T8_BACKPACK_GATHERER_ORE,,,
T4_HEAD_GATHERER_ROCK,,8,T4_METALBAR
T4_HEAD_GATHERER_ROCK,,,
T5_HEAD_GATHERER_ROCK,,8,T5_METALBAR
T5_HEAD_GATHERER_ROCK,,,
T6_HEAD_GATHERER_ROCK,,8,T6_METALBAR
T6_HEAD_GATHERER_ROCK,,,
T7_HEAD_GATHERER_ROCK,,8,T7_METALBAR
T7_HEAD_GATHERER_ROCK,,,
T8_HEAD_GATHERER_ROCK,,8,T8_METALBAR
T8_HEAD_GATHERER_ROCK,,,
T4_ARMOR_GATHERER_ROCK,,8,T4_METALBAR
T4_ARMOR_GATHERER_ROCK,,,
T5_ARMOR_GATHERER_ROCK,,8,T5_METALBAR
T5_ARMOR_GATHERER_ROCK,,,
T6_ARMOR_GATHERER_ROCK,,8,T6_METALBAR
T6_ARMOR_GATHERER_ROCK,,,
T7_ARMOR_GATHERER_ROCK,,8,T7_METALBAR
T7_ARMOR_GATHERER_ROCK,,,
T8_ARMOR_GATHERER_ROCK,,8,T8_METALBAR
T8_ARMOR_GATHERER_ROCK,,,
T4_SHOES_GATHERER_ROCK,,8,T4_METALBAR
T4_SHOES_GATHERER_ROCK,,,
T5_SHOES_GATHERER_ROCK,,8,T5_METALBAR
T5_SHOES_GATHERER_ROCK,,,
T6_SHOES_GATHERER_ROCK,,8,T6_METALBAR
T6_SHOES_GATHERER_ROCK,,,
T7_SHOES_GATHERER_ROCK,,8,T7_METALBAR
T7_SHOES_GATHERER_ROCK,,,
T8_SHOES_GATHERER_ROCK,,8,T8_METALBAR
T8_SHOES_GATHERER_ROCK,,,
T4_BACKPACK_GATHERER_ROCK,,4,T4_CLOTH
T4_BACKPACK_GATHERER_ROCK,,4,T4_LEATHER
T4_BACKPACK_GATHERER_ROCK,,,
T5_BACKPACK_GATHERER_ROCK,,4,T5_CLOTH
T5_BACKPACK_GATHERER_ROCK,,4,T5_LEATHER
T5_BACKPACK_GATHERER_ROCK,,,
T6_BACKPACK_GATHERER_ROCK,,4,T6_CLOTH
T6_BACKPACK_GATHERER_ROCK,,4,T6_LEATHER
T6_BACKPACK_GATHERER_ROCK,,,
T7_BACKPACK_GATHERER_ROCK,,4,T7_CLOTH
T7_BACKPACK_GATHERER_ROCK,,4,T7_LEATHER
T7_BACKPACK_GATHERER_ROCK,,,
T8_BACKPACK_GATHERER_ROCK,,4,T8_CLOTH
T8_BACKPACK_GATHERER_ROCK,,4,T8_LEATHER
T8_BACKPACK_GATHERER_ROCK,,,
T4_HEAD_GATHERER_WOOD,,8,T4_LEATHER
T4_HEAD_GATHERER_WOOD,,,
T5_HEAD_GATHERER_WOOD,,8,T5_LEATHER
T5_HEAD_GATHERER_WOOD,,,
T6_HEAD_GATHERER_WOOD,,8,T6_LEATHER
T6_HEAD_GATHERER_WOOD,,,
T7_HEAD_GATHERER_WOOD,,8,T7_LEATHER
T7_HEAD_GATHERER_WOOD,,,
T8_HEAD_GATHERER_WOOD,,8,T8_LEATHER
T8_HEAD_GATHERER_WOOD,,,
T4_ARMOR_GATHERER_WOOD,,8,T4_LEATHER
T4_ARMOR_GATHERER_WOOD,,,
T5_ARMOR_GATHERER_WOOD,,8,T5_LEATHER
T5_ARMOR_GATHERER_WOOD,,,
T6_ARMOR_GATHERER_WOOD,,8,T6_LEATHER
T6_ARMOR_GATHERER_WOOD,,,
T7_ARMOR_GATHERER_WOOD,,8,T7_LEATHER
T7_ARMOR_GATHERER_WOOD,,,
T8_ARMOR_GATHERER_WOOD,,8,T8_LEATHER
T8_ARMOR_GATHERER_WOOD,,,
T4_SHOES_GATHERER_WOOD,,8,T4_LEATHER
T4_SHOES_GATHERER_WOOD,,,
T5_SHOES_GATHERER_WOOD,,8,T5_LEATHER
T5_SHOES_GATHERER_WOOD,,,
T6_SHOES_GATHERER_WOOD,,8,T6_LEATHER
T6_SHOES_GATHERER_WOOD,,,
T7_SHOES_GATHERER_WOOD,,8,T7_LEATHER
T7_SHOES_GATHERER_WOOD,,,
T8_SHOES_GATHERER_WOOD,,8,T8_LEATHER
T8_SHOES_GATHERER_WOOD,,,
T4_BACKPACK_GATHERER_WOOD,,4,T4_CLOTH
T4_BACKPACK_GATHERER_WOOD,,4,T4_LEATHER
T4_BACKPACK_GATHERER_WOOD,,,
T5_BACKPACK_GATHERER_WOOD,,4,T5_CLOTH
T5_BACKPACK_GATHERER_WOOD,,4,T5_LEATHER
T5_BACKPACK_GATHERER_WOOD,,,
T6_BACKPACK_GATHERER_WOOD,,4,T6_CLOTH
T6_BACKPACK_GATHERER_WOOD,,4,T6_LEATHER
T6_BACKPACK_GATHERER_WOOD,,,
T7_BACKPACK_GATHERER_WOOD,,4,T7_CLOTH
T7_BACKPACK_GATHERER_WOOD,,4,T7_LEATHER
T7_BACKPACK_GATHERER_WOOD,,,
T8_BACKPACK_GATHERER_WOOD,,4,T8_CLOTH
T8_BACKPACK_GATHERER_WOOD,,4,T8_LEATHER
T8_BACKPACK_GATHERER_WOOD,,,
T4_HEAD_GATHERER_FISH,,8,T4_LEATHER
T4_HEAD_GATHERER_FISH,,,
T5_HEAD_GATHERER_FISH,,8,T5_LEATHER
T5_HEAD_GATHERER_FISH,,,
T6_HEAD_GATHERER_FISH,,8,T6_LEATHER
T6_HEAD_GATHERER_FISH,,,
T7_HEAD_GATHERER_FISH,,8,T7_LEATHER
T7_HEAD_GATHERER_FISH,,,
T8_HEAD_GATHERER_FISH,,8,T8_LEATHER
T8_HEAD_GATHERER_FISH,,,
T4_ARMOR_GATHERER_FISH,,8,T4_LEATHER
T4_ARMOR_GATHERER_FISH,,,
T5_ARMOR_GATHERER_FISH,,8,T5_LEATHER
T5_ARMOR_GATHERER_FISH,,,
T6_ARMOR_GATHERER_FISH,,8,T6_LEATHER
T6_ARMOR_GATHERER_FISH,,,
T7_ARMOR_GATHERER_FISH,,8,T7_LEATHER
T7_ARMOR_GATHERER_FISH,,,
T8_ARMOR_GATHERER_FISH,,8,T8_LEATHER
T8_ARMOR_GATHERER_FISH,,,
T4_SHOES_GATHERER_FISH,,8,T4_LEATHER
T4_SHOES_GATHERER_FISH,,,
T5_SHOES_GATHERER_FISH,,8,T5_LEATHER
T5_SHOES_GATHERER_FISH,,,
T6_SHOES_GATHERER_FISH,,8,T6_LEATHER
T6_SHOES_GATHERER_FISH,,,
T7_SHOES_GATHERER_FISH,,8,T7_LEATHER
T7_SHOES_GATHERER_FISH,,,
T8_SHOES_GATHERER_FISH,,8,T8_LEATHER
T8_SHOES_GATHERER_FISH,,,
T4_BACKPACK_GATHERER_FISH,,4,T4_CLOTH
T4_BACKPACK_GATHERER_FISH,,4,T4_LEATHER
T4_BACKPACK_GATHERER_FISH,,,
T5_BACKPACK_GATHERER_FISH,,4,T5_CLOTH
T5_BACKPACK_GATHERER_FISH,,4,T5_LEATHER
T5_BACKPACK_GATHERER_FISH,,,
T6_BACKPACK_GATHERER_FISH,,4,T6_CLOTH
T6_BACKPACK_GATHERER_FISH,,4,T6_LEATHER
T6_BACKPACK_GATHERER_FISH,,,
T7_BACKPACK_GATHERER_FISH,,4,T7_CLOTH
T7_BACKPACK_GATHERER_FISH,,4,T7_LEATHER
T7_BACKPACK_GATHERER_FISH,,,
T8_BACKPACK_GATHERER_FISH,,4,T8_CLOTH
T8_BACKPACK_GATHERER_FISH,,4,T8_LEATHER
T8_BACKPACK_GATHERER_FISH,,,
UNIQUE_WEAPONMASTER_HEAD_PROTOTYPE,,1,T2_METALBAR
UNIQUE_WEAPONMASTER_ARMOR_PROTOTYPE,,1,T2_METALBAR
UNIQUE_WEAPONMASTER_SHOES_PROTOTYPE,,1,T2_METALBAR